flight_key,flight_id,airline_key,airline,route_key,date_key,source,destination,route,departure_datetime,arrival_datetime,departure_date,departure_hour,arrival_date,arrival_hour,flight_duration_minutes,flight_duration_hours,is_overnight,duration_anomaly
1,SJ010,3,SpiceJet,15,20260420,CCU,MAA,CCU → MAA,2026-04-20 23:38:41.701,2026-04-21 02:32:41.701,2026-04-20,23,2026-04-21,2,174.0,2.9,0,0
2,AI155,1,Air India,7,20260420,BOM,CCU,BOM → CCU,2026-04-20 23:35:41.703,2026-04-21 01:23:41.703,2026-04-20,23,2026-04-21,1,108.0,1.8,0,0
3,UK094,4,Vistara,7,20260420,BOM,CCU,BOM → CCU,2026-04-20 23:26:41.702,2026-04-21 01:11:41.702,2026-04-20,23,2026-04-21,1,105.0,1.75,0,0
4,AI245,1,Air India,7,20260420,BOM,CCU,BOM → CCU,2026-04-20 23:07:41.704,2026-04-21 01:43:41.704,2026-04-20,23,2026-04-21,1,156.0,2.6,0,0
5,AI192,1,Air India,27,20260420,MAA,BOM,MAA → BOM,2026-04-20 23:05:41.703,2026-04-21 04:04:41.703,2026-04-20,23,2026-04-21,4,299.0,4.983333333333333,0,0
6,SJ158,3,SpiceJet,19,20260420,DEL,HYD,DEL → HYD,2026-04-20 23:05:41.703,2026-04-21 01:24:41.703,2026-04-20,23,2026-04-21,1,139.0,2.316666666666667,0,0
7,6E196,2,IndiGo,15,20260420,CCU,MAA,CCU → MAA,2026-04-20 23:04:41.703,2026-04-21 00:47:41.703,2026-04-20,23,2026-04-21,0,103.0,1.7166666666666666,0,0
8,AI080,1,Air India,9,20260420,BOM,HYD,BOM → HYD,2026-04-20 23:03:41.702,2026-04-21 00:35:41.702,2026-04-20,23,2026-04-21,0,92.0,1.5333333333333334,0,0
9,6E025,2,IndiGo,1,20260420,BLR,BOM,BLR → BOM,2026-04-20 23:02:41.701,2026-04-20 23:57:41.701,2026-04-20,23,2026-04-20,23,55.0,0.9166666666666666,0,0
10,6E251,2,IndiGo,16,20260420,DEL,BLR,DEL → BLR,2026-04-20 22:56:41.703,2026-04-20 23:37:41.703,2026-04-20,22,2026-04-20,23,41.0,0.6833333333333333,0,0
11,AI137,1,Air India,8,20260420,BOM,DEL,BOM → DEL,2026-04-20 22:49:41.702,2026-04-21 01:17:41.702,2026-04-20,22,2026-04-21,1,148.0,2.466666666666667,0,0
12,6E026,2,IndiGo,7,20260420,BOM,CCU,BOM → CCU,2026-04-20 22:46:42.000,2026-04-21 03:13:42.000,2026-04-20,22,2026-04-21,3,267.0,4.45,0,0
13,UK167,4,Vistara,20,20260420,DEL,MAA,DEL → MAA,2026-04-20 22:45:41.703,2026-04-21 01:46:41.703,2026-04-20,22,2026-04-21,1,181.0,3.0166666666666666,0,0
14,UK027,4,Vistara,7,20260420,BOM,CCU,BOM → CCU,2026-04-20 22:44:41.701,2026-04-21 01:05:41.701,2026-04-20,22,2026-04-21,1,141.0,2.35,0,0
15,AI069,1,Air India,17,20260420,DEL,BOM,DEL → BOM,2026-04-20 22:43:41.702,2026-04-21 02:29:41.702,2026-04-20,22,2026-04-21,2,226.0,3.7666666666666666,0,0
16,AI058,1,Air India,7,20260420,BOM,CCU,BOM → CCU,2026-04-20 22:40:41.701,2026-04-21 00:18:41.701,2026-04-20,22,2026-04-21,0,98.0,1.6333333333333333,0,0
17,AI140,1,Air India,8,20260420,BOM,DEL,BOM → DEL,2026-04-20 22:25:41.702,2026-04-21 02:08:41.702,2026-04-20,22,2026-04-21,2,223.0,3.716666666666667,0,0
18,SJ239,3,SpiceJet,7,20260420,BOM,CCU,BOM → CCU,2026-04-20 22:24:41.704,2026-04-21 00:10:41.704,2026-04-20,22,2026-04-21,0,106.0,1.7666666666666666,0,0
19,6E099,2,IndiGo,29,20260420,MAA,DEL,MAA → DEL,2026-04-20 22:24:41.702,2026-04-20 22:59:41.702,2026-04-20,22,2026-04-20,22,35.0,0.5833333333333334,0,0
20,AI048,1,Air India,13,20260420,CCU,DEL,CCU → DEL,2026-04-20 22:23:41.701,2026-04-21 02:15:41.701,2026-04-20,22,2026-04-21,2,232.0,3.8666666666666667,0,0
21,SJ112,3,SpiceJet,24,20260420,HYD,DEL,HYD → DEL,2026-04-20 22:20:41.702,2026-04-21 00:40:41.702,2026-04-20,22,2026-04-21,0,140.0,2.3333333333333335,0,0
22,6E164,2,IndiGo,1,20260420,BLR,BOM,BLR → BOM,2026-04-20 22:18:41.703,2026-04-21 00:45:41.703,2026-04-20,22,2026-04-21,0,147.0,2.45,0,0
23,UK021,4,Vistara,25,20260420,HYD,MAA,HYD → MAA,2026-04-20 22:00:41.701,2026-04-20 23:50:41.701,2026-04-20,22,2026-04-20,23,110.0,1.8333333333333333,0,0
24,SJ172,3,SpiceJet,13,20260420,CCU,DEL,CCU → DEL,2026-04-20 21:58:41.703,2026-04-21 01:14:41.703,2026-04-20,21,2026-04-21,1,196.0,3.2666666666666666,0,0
25,AI060,1,Air India,19,20260420,DEL,HYD,DEL → HYD,2026-04-20 21:58:41.701,2026-04-20 23:51:41.701,2026-04-20,21,2026-04-20,23,113.0,1.8833333333333333,0,0
26,SJ205,3,SpiceJet,23,20260420,HYD,CCU,HYD → CCU,2026-04-20 21:56:41.703,2026-04-20 23:00:41.703,2026-04-20,21,2026-04-20,23,64.0,1.0666666666666667,0,0
27,SJ093,3,SpiceJet,1,20260420,BLR,BOM,BLR → BOM,2026-04-20 21:55:41.702,2026-04-20 23:01:41.702,2026-04-20,21,2026-04-20,23,66.0,1.1,0,0
28,6E195,2,IndiGo,13,20260420,CCU,DEL,CCU → DEL,2026-04-20 21:44:41.703,2026-04-20 22:39:41.703,2026-04-20,21,2026-04-20,22,55.0,0.9166666666666666,0,0
29,UK003,4,Vistara,24,20260420,HYD,DEL,HYD → DEL,2026-04-20 21:41:41.700,2026-04-21 02:19:41.700,2026-04-20,21,2026-04-21,2,278.0,4.633333333333334,0,0
30,UK026,4,Vistara,25,20260420,HYD,MAA,HYD → MAA,2026-04-20 21:38:41.701,2026-04-20 23:44:41.701,2026-04-20,21,2026-04-20,23,126.0,2.1,0,0
31,6E174,2,IndiGo,19,20260420,DEL,HYD,DEL → HYD,2026-04-20 21:36:41.703,2026-04-20 22:16:41.703,2026-04-20,21,2026-04-20,22,40.0,0.6666666666666666,0,0
32,UK067,4,Vistara,7,20260420,BOM,CCU,BOM → CCU,2026-04-20 21:36:41.701,2026-04-21 01:02:41.701,2026-04-20,21,2026-04-21,1,206.0,3.433333333333333,0,0
33,SJ149,3,SpiceJet,25,20260420,HYD,MAA,HYD → MAA,2026-04-20 21:20:41.702,2026-04-20 23:20:42.000,2026-04-20,21,2026-04-20,23,120.00496666666666,2.0000827777777777,0,0
34,6E213,2,IndiGo,1,20260420,BLR,BOM,BLR → BOM,2026-04-20 21:05:41.703,2026-04-21 00:32:41.703,2026-04-20,21,2026-04-21,0,207.0,3.45,0,0
35,UK200,4,Vistara,13,20260420,CCU,DEL,CCU → DEL,2026-04-20 20:54:41.703,2026-04-20 22:45:41.703,2026-04-20,20,2026-04-20,22,111.0,1.85,0,0
36,SJ214,3,SpiceJet,10,20260420,BOM,MAA,BOM → MAA,2026-04-20 20:54:41.703,2026-04-20 22:10:41.703,2026-04-20,20,2026-04-20,22,76.0,1.2666666666666666,0,0
37,SJ047,3,SpiceJet,22,20260420,HYD,BOM,HYD → BOM,2026-04-20 20:44:41.701,2026-04-20 21:21:41.701,2026-04-20,20,2026-04-20,21,37.0,0.6166666666666667,0,0
38,AI179,1,Air India,22,20260420,HYD,BOM,HYD → BOM,2026-04-20 20:41:41.703,2026-04-21 01:19:41.703,2026-04-20,20,2026-04-21,1,278.0,4.633333333333334,0,0
39,SJ153,3,SpiceJet,18,20260420,DEL,CCU,DEL → CCU,2026-04-20 20:37:41.702,2026-04-20 22:00:41.702,2026-04-20,20,2026-04-20,22,83.0,1.3833333333333333,0,0
40,6E236,2,IndiGo,8,20260420,BOM,DEL,BOM → DEL,2026-04-20 20:35:41.704,2026-04-20 23:54:41.704,2026-04-20,20,2026-04-20,23,199.0,3.316666666666667,0,0
41,UK059,4,Vistara,25,20260420,HYD,MAA,HYD → MAA,2026-04-20 20:33:41.701,2026-04-20 22:10:41.701,2026-04-20,20,2026-04-20,22,97.0,1.6166666666666667,0,0
42,SJ001,3,SpiceJet,10,20260420,BOM,MAA,BOM → MAA,2026-04-20 20:28:41.700,2026-04-21 01:15:41.700,2026-04-20,20,2026-04-21,1,287.0,4.783333333333333,0,0
43,SJ049,3,SpiceJet,13,20260420,CCU,DEL,CCU → DEL,2026-04-20 20:26:41.701,2026-04-21 00:26:41.701,2026-04-20,20,2026-04-21,0,240.0,4.0,0,0
44,6E086,2,IndiGo,30,20260420,MAA,HYD,MAA → HYD,2026-04-20 20:23:41.702,2026-04-20 21:00:41.702,2026-04-20,20,2026-04-20,21,37.0,0.6166666666666667,0,0
45,AI220,1,Air India,8,20260420,BOM,DEL,BOM → DEL,2026-04-20 20:19:41.703,2026-04-20 21:57:41.703,2026-04-20,20,2026-04-20,21,98.0,1.6333333333333333,0,0
46,AI188,1,Air India,14,20260420,CCU,HYD,CCU → HYD,2026-04-20 20:16:41.703,2026-04-20 23:02:41.703,2026-04-20,20,2026-04-20,23,166.0,2.7666666666666666,0,0
47,6E114,2,IndiGo,10,20260420,BOM,MAA,BOM → MAA,2026-04-20 20:10:41.702,2026-04-20 21:00:41.702,2026-04-20,20,2026-04-20,21,50.0,0.8333333333333334,0,0
48,SJ179,3,SpiceJet,19,20260420,DEL,HYD,DEL → HYD,2026-04-20 20:09:41.703,2026-04-20 23:39:41.703,2026-04-20,20,2026-04-20,23,210.0,3.5,0,0
49,6E190,2,IndiGo,20,20260420,DEL,MAA,DEL → MAA,2026-04-20 20:02:41.703,2026-04-21 00:36:41.703,2026-04-20,20,2026-04-21,0,274.0,4.566666666666666,0,0
50,SJ003,3,SpiceJet,28,20260420,MAA,CCU,MAA → CCU,2026-04-20 19:50:41.701,2026-04-20 20:32:41.701,2026-04-20,19,2026-04-20,20,42.0,0.7,0,0
51,6E028,2,IndiGo,23,20260420,HYD,CCU,HYD → CCU,2026-04-20 19:49:41.701,2026-04-20 21:49:41.701,2026-04-20,19,2026-04-20,21,120.0,2.0,0,0
52,UK036,4,Vistara,11,20260420,CCU,BLR,CCU → BLR,2026-04-20 19:48:41.701,2026-04-21 00:12:41.701,2026-04-20,19,2026-04-21,0,264.0,4.4,0,0
53,SJ160,3,SpiceJet,26,20260420,MAA,BLR,MAA → BLR,2026-04-20 19:45:41.703,2026-04-20 20:30:41.703,2026-04-20,19,2026-04-20,20,45.0,0.75,0,0
54,6E151,2,IndiGo,14,20260420,CCU,HYD,CCU → HYD,2026-04-20 19:44:41.703,2026-04-20 22:04:41.703,2026-04-20,19,2026-04-20,22,140.0,2.3333333333333335,0,0
55,UK140,4,Vistara,26,20260420,MAA,BLR,MAA → BLR,2026-04-20 19:37:41.703,2026-04-20 21:00:41.703,2026-04-20,19,2026-04-20,21,83.0,1.3833333333333333,0,0
56,AI115,1,Air India,26,20260420,MAA,BLR,MAA → BLR,2026-04-20 19:37:41.702,2026-04-21 00:26:41.702,2026-04-20,19,2026-04-21,0,289.0,4.816666666666666,0,0
57,AI132,1,Air India,1,20260420,BLR,BOM,BLR → BOM,2026-04-20 19:32:41.702,2026-04-20 21:41:41.702,2026-04-20,19,2026-04-20,21,129.0,2.15,0,0
58,UK209,4,Vistara,26,20260420,MAA,BLR,MAA → BLR,2026-04-20 19:02:41.704,2026-04-20 21:47:41.704,2026-04-20,19,2026-04-20,21,165.0,2.75,0,0
59,SJ043,3,SpiceJet,29,20260420,MAA,DEL,MAA → DEL,2026-04-20 18:59:41.701,2026-04-20 21:08:41.701,2026-04-20,18,2026-04-20,21,129.0,2.15,0,0
60,UK176,4,Vistara,21,20260420,HYD,BLR,HYD → BLR,2026-04-20 18:41:41.703,2026-04-20 22:49:41.703,2026-04-20,18,2026-04-20,22,248.0,4.133333333333334,0,0
61,UK216,4,Vistara,30,20260420,MAA,HYD,MAA → HYD,2026-04-20 18:33:41.704,2026-04-20 21:47:41.704,2026-04-20,18,2026-04-20,21,194.0,3.2333333333333334,0,0
62,UK150,4,Vistara,18,20260420,DEL,CCU,DEL → CCU,2026-04-20 18:31:41.703,2026-04-20 19:01:41.703,2026-04-20,18,2026-04-20,19,30.0,0.5,0,0
63,UK145,4,Vistara,9,20260420,BOM,HYD,BOM → HYD,2026-04-20 18:30:41.703,2026-04-20 20:41:41.703,2026-04-20,18,2026-04-20,20,131.0,2.183333333333333,0,0
64,6E270,2,IndiGo,25,20260420,HYD,MAA,HYD → MAA,2026-04-20 18:14:41.701,2026-04-20 19:02:41.701,2026-04-20,18,2026-04-20,19,48.0,0.8,0,0
65,6E012,2,IndiGo,14,20260420,CCU,HYD,CCU → HYD,2026-04-20 18:06:41.701,2026-04-20 21:31:41.701,2026-04-20,18,2026-04-20,21,205.0,3.4166666666666665,0,0
66,SJ236,3,SpiceJet,27,20260420,MAA,BOM,MAA → BOM,2026-04-20 18:03:41.704,2026-04-20 22:02:41.704,2026-04-20,18,2026-04-20,22,239.0,3.9833333333333334,0,0
67,6E149,2,IndiGo,2,20260420,BLR,CCU,BLR → CCU,2026-04-20 17:57:41.703,2026-04-20 20:42:41.703,2026-04-20,17,2026-04-20,20,165.0,2.75,0,0
68,UK004,4,Vistara,7,20260420,BOM,CCU,BOM → CCU,2026-04-20 17:56:41.700,2026-04-20 18:30:41.700,2026-04-20,17,2026-04-20,18,34.0,0.5666666666666667,0,0
69,UK010,4,Vistara,30,20260420,MAA,HYD,MAA → HYD,2026-04-20 17:53:41.701,2026-04-20 20:40:41.701,2026-04-20,17,2026-04-20,20,167.0,2.783333333333333,0,0
70,UK215,4,Vistara,8,20260420,BOM,DEL,BOM → DEL,2026-04-20 17:38:41.704,2026-04-20 19:50:41.704,2026-04-20,17,2026-04-20,19,132.0,2.2,0,0
71,SJ116,3,SpiceJet,23,20260420,HYD,CCU,HYD → CCU,2026-04-20 17:33:41.702,2026-04-20 19:02:41.702,2026-04-20,17,2026-04-20,19,89.0,1.4833333333333334,0,0
72,SJ023,3,SpiceJet,25,20260420,HYD,MAA,HYD → MAA,2026-04-20 17:27:41.701,2026-04-20 19:09:41.701,2026-04-20,17,2026-04-20,19,102.0,1.7,0,0
73,UK152,4,Vistara,7,20260420,BOM,CCU,BOM → CCU,2026-04-20 17:24:41.703,2026-04-20 20:13:41.703,2026-04-20,17,2026-04-20,20,169.0,2.816666666666667,0,0
74,SJ202,3,SpiceJet,14,20260420,CCU,HYD,CCU → HYD,2026-04-20 17:21:41.703,2026-04-20 19:08:41.703,2026-04-20,17,2026-04-20,19,107.0,1.7833333333333334,0,0
75,6E043,2,IndiGo,9,20260420,BOM,HYD,BOM → HYD,2026-04-20 17:17:41.701,2026-04-20 18:43:41.701,2026-04-20,17,2026-04-20,18,86.0,1.4333333333333333,0,0
76,UK173,4,Vistara,26,20260420,MAA,BLR,MAA → BLR,2026-04-20 17:06:41.703,2026-04-20 21:22:41.703,2026-04-20,17,2026-04-20,21,256.0,4.266666666666667,0,0
77,SJ081,3,SpiceJet,6,20260420,BOM,BLR,BOM → BLR,2026-04-20 17:04:41.702,2026-04-20 18:53:41.702,2026-04-20,17,2026-04-20,18,109.0,1.8166666666666667,0,0
78,UK153,4,Vistara,14,20260420,CCU,HYD,CCU → HYD,2026-04-20 16:52:41.703,2026-04-20 20:53:41.703,2026-04-20,16,2026-04-20,20,241.0,4.016666666666667,0,0
79,UK187,4,Vistara,1,20260420,BLR,BOM,BLR → BOM,2026-04-20 16:52:41.703,2026-04-20 18:42:41.703,2026-04-20,16,2026-04-20,18,110.0,1.8333333333333333,0,0
80,UK055,4,Vistara,24,20260420,HYD,DEL,HYD → DEL,2026-04-20 16:48:41.701,2026-04-20 19:31:41.701,2026-04-20,16,2026-04-20,19,163.0,2.716666666666667,0,0
81,UK181,4,Vistara,29,20260420,MAA,DEL,MAA → DEL,2026-04-20 16:44:41.703,2026-04-20 19:26:41.703,2026-04-20,16,2026-04-20,19,162.0,2.7,0,0
82,UK074,4,Vistara,8,20260420,BOM,DEL,BOM → DEL,2026-04-20 16:44:41.702,2026-04-20 18:41:41.702,2026-04-20,16,2026-04-20,18,117.0,1.95,0,0
83,SJ068,3,SpiceJet,1,20260420,BLR,BOM,BLR → BOM,2026-04-20 16:44:41.701,2026-04-20 18:48:41.701,2026-04-20,16,2026-04-20,18,124.0,2.066666666666667,0,0
84,AI242,1,Air India,2,20260420,BLR,CCU,BLR → CCU,2026-04-20 16:41:41.704,2026-04-20 17:43:41.704,2026-04-20,16,2026-04-20,17,62.0,1.0333333333333334,0,0
85,SJ237,3,SpiceJet,7,20260420,BOM,CCU,BOM → CCU,2026-04-20 16:32:41.704,2026-04-20 19:00:41.704,2026-04-20,16,2026-04-20,19,148.0,2.466666666666667,0,0
86,6E194,2,IndiGo,7,20260420,BOM,CCU,BOM → CCU,2026-04-20 16:29:41.703,2026-04-20 18:27:41.703,2026-04-20,16,2026-04-20,18,118.0,1.9666666666666666,0,0
87,UK063,4,Vistara,17,20260420,DEL,BOM,DEL → BOM,2026-04-20 16:29:41.701,2026-04-20 17:41:41.701,2026-04-20,16,2026-04-20,17,72.0,1.2,0,0
88,UK068,4,Vistara,5,20260420,BLR,MAA,BLR → MAA,2026-04-20 16:28:41.701,2026-04-20 18:09:41.701,2026-04-20,16,2026-04-20,18,101.0,1.6833333333333333,0,0
89,UK224,4,Vistara,15,20260420,CCU,MAA,CCU → MAA,2026-04-20 16:25:41.704,2026-04-20 20:24:41.704,2026-04-20,16,2026-04-20,20,239.0,3.9833333333333334,0,0
90,UK077,4,Vistara,22,20260420,HYD,BOM,HYD → BOM,2026-04-20 16:22:41.702,2026-04-20 18:00:41.702,2026-04-20,16,2026-04-20,18,98.0,1.6333333333333333,0,0
91,UK207,4,Vistara,28,20260420,MAA,CCU,MAA → CCU,2026-04-20 16:21:41.703,2026-04-20 17:36:41.703,2026-04-20,16,2026-04-20,17,75.0,1.25,0,0
92,AI221,1,Air India,30,20260420,MAA,HYD,MAA → HYD,2026-04-20 16:18:41.703,2026-04-20 18:54:41.703,2026-04-20,16,2026-04-20,18,156.0,2.6,0,0
93,UK109,4,Vistara,1,20260420,BLR,BOM,BLR → BOM,2026-04-20 16:06:41.702,2026-04-20 17:06:42.000,2026-04-20,16,2026-04-20,17,60.00496666666666,1.0000827777777777,0,0
94,UK089,4,Vistara,9,20260420,BOM,HYD,BOM → HYD,2026-04-20 15:38:41.702,2026-04-20 19:50:41.702,2026-04-20,15,2026-04-20,19,252.0,4.2,0,0
95,AI072,1,Air India,2,20260420,BLR,CCU,BLR → CCU,2026-04-20 15:34:41.702,2026-04-20 16:32:41.702,2026-04-20,15,2026-04-20,16,58.0,0.9666666666666667,0,0
96,UK131,4,Vistara,8,20260420,BOM,DEL,BOM → DEL,2026-04-20 15:33:41.702,2026-04-20 19:39:41.702,2026-04-20,15,2026-04-20,19,246.0,4.1,0,0
97,SJ150,3,SpiceJet,9,20260420,BOM,HYD,BOM → HYD,2026-04-20 15:33:41.702,2026-04-20 19:03:41.702,2026-04-20,15,2026-04-20,19,210.0,3.5,0,0
98,6E097,2,IndiGo,1,20260420,BLR,BOM,BLR → BOM,2026-04-20 15:32:41.702,2026-04-20 16:49:41.702,2026-04-20,15,2026-04-20,16,77.0,1.2833333333333334,0,0
99,6E123,2,IndiGo,19,20260420,DEL,HYD,DEL → HYD,2026-04-20 15:26:41.702,2026-04-20 17:12:41.702,2026-04-20,15,2026-04-20,17,106.0,1.7666666666666666,0,0
100,6E017,2,IndiGo,12,20260420,CCU,BOM,CCU → BOM,2026-04-20 15:25:41.701,2026-04-20 18:06:41.701,2026-04-20,15,2026-04-20,18,161.0,2.683333333333333,0,0
101,6E245,2,IndiGo,12,20260420,CCU,BOM,CCU → BOM,2026-04-20 15:25:41.701,2026-04-20 18:06:41.701,2026-04-20,15,2026-04-20,18,161.0,2.683333333333333,0,0
102,6E180,2,IndiGo,26,20260420,MAA,BLR,MAA → BLR,2026-04-20 15:24:41.703,2026-04-20 19:48:41.703,2026-04-20,15,2026-04-20,19,264.0,4.4,0,0
103,6E152,2,IndiGo,13,20260420,CCU,DEL,CCU → DEL,2026-04-20 15:21:41.703,2026-04-20 17:25:41.703,2026-04-20,15,2026-04-20,17,124.0,2.066666666666667,0,0
104,SJ034,3,SpiceJet,27,20260420,MAA,BOM,MAA → BOM,2026-04-20 15:20:41.701,2026-04-20 20:11:41.701,2026-04-20,15,2026-04-20,20,291.0,4.85,0,0
105,SJ142,3,SpiceJet,12,20260420,CCU,BOM,CCU → BOM,2026-04-20 15:14:41.702,2026-04-20 16:56:41.702,2026-04-20,15,2026-04-20,16,102.0,1.7,0,0
106,UK189,4,Vistara,5,20260420,BLR,MAA,BLR → MAA,2026-04-20 15:07:41.703,2026-04-20 18:51:41.703,2026-04-20,15,2026-04-20,18,224.0,3.7333333333333334,0,0
107,SJ044,3,SpiceJet,18,20260420,DEL,CCU,DEL → CCU,2026-04-20 15:06:41.701,2026-04-20 17:43:41.701,2026-04-20,15,2026-04-20,17,157.0,2.6166666666666667,0,0
108,SJ196,3,SpiceJet,19,20260420,DEL,HYD,DEL → HYD,2026-04-20 14:58:41.703,2026-04-20 17:44:41.703,2026-04-20,14,2026-04-20,17,166.0,2.7666666666666666,0,0
109,6E188,2,IndiGo,19,20260420,DEL,HYD,DEL → HYD,2026-04-20 14:57:41.703,2026-04-20 19:39:41.703,2026-04-20,14,2026-04-20,19,282.0,4.7,0,0
110,6E181,2,IndiGo,10,20260420,BOM,MAA,BOM → MAA,2026-04-20 14:55:41.703,2026-04-20 16:43:41.703,2026-04-20,14,2026-04-20,16,108.0,1.8,0,0
111,6E077,2,IndiGo,13,20260420,CCU,DEL,CCU → DEL,2026-04-20 14:55:41.702,2026-04-20 19:13:41.702,2026-04-20,14,2026-04-20,19,258.0,4.3,0,0
112,SJ154,3,SpiceJet,4,20260420,BLR,HYD,BLR → HYD,2026-04-20 14:47:41.702,2026-04-20 16:26:41.702,2026-04-20,14,2026-04-20,16,99.0,1.65,0,0
113,AI025,1,Air India,24,20260420,HYD,DEL,HYD → DEL,2026-04-20 14:46:41.701,2026-04-20 17:11:41.701,2026-04-20,14,2026-04-20,17,145.0,2.4166666666666665,0,0
114,AI094,1,Air India,16,20260420,DEL,BLR,DEL → BLR,2026-04-20 14:44:41.702,2026-04-20 15:44:42.000,2026-04-20,14,2026-04-20,15,60.00496666666666,1.0000827777777777,0,0
115,6E191,2,IndiGo,3,20260420,BLR,DEL,BLR → DEL,2026-04-20 14:41:41.703,2026-04-20 15:11:41.703,2026-04-20,14,2026-04-20,15,30.0,0.5,0,0
116,SJ085,3,SpiceJet,5,20260420,BLR,MAA,BLR → MAA,2026-04-20 14:41:41.702,2026-04-20 19:11:41.702,2026-04-20,14,2026-04-20,19,270.0,4.5,0,0
117,6E261,2,IndiGo,13,20260420,CCU,DEL,CCU → DEL,2026-04-20 14:31:41.703,2026-04-20 17:29:41.703,2026-04-20,14,2026-04-20,17,178.0,2.966666666666667,0,0
118,6E129,2,IndiGo,18,20260420,DEL,CCU,DEL → CCU,2026-04-20 14:28:41.702,2026-04-20 16:47:41.702,2026-04-20,14,2026-04-20,16,139.0,2.316666666666667,0,0
119,6E254,2,IndiGo,26,20260420,MAA,BLR,MAA → BLR,2026-04-20 14:26:41.703,2026-04-20 18:01:41.703,2026-04-20,14,2026-04-20,18,215.0,3.5833333333333335,0,0
120,SJ185,3,SpiceJet,7,20260420,BOM,CCU,BOM → CCU,2026-04-20 14:21:41.703,2026-04-20 15:21:41.703,2026-04-20,14,2026-04-20,15,60.0,1.0,0,0
121,6E030,2,IndiGo,8,20260420,BOM,DEL,BOM → DEL,2026-04-20 14:20:41.701,2026-04-20 17:10:41.701,2026-04-20,14,2026-04-20,17,170.0,2.8333333333333335,0,0
122,SJ222,3,SpiceJet,8,20260420,BOM,DEL,BOM → DEL,2026-04-20 14:15:41.703,2026-04-20 17:09:41.703,2026-04-20,14,2026-04-20,17,174.0,2.9,0,0
123,6E259,2,IndiGo,8,20260420,BOM,DEL,BOM → DEL,2026-04-20 14:10:41.703,2026-04-20 15:21:41.703,2026-04-20,14,2026-04-20,15,71.0,1.1833333333333333,0,0
124,UK083,4,Vistara,19,20260420,DEL,HYD,DEL → HYD,2026-04-20 14:10:41.702,2026-04-20 14:59:41.702,2026-04-20,14,2026-04-20,14,49.0,0.8166666666666667,0,0
125,6E051,2,IndiGo,1,20260420,BLR,BOM,BLR → BOM,2026-04-20 13:58:41.701,2026-04-20 15:58:41.701,2026-04-20,13,2026-04-20,15,120.0,2.0,0,0
126,SJ088,3,SpiceJet,15,20260420,CCU,MAA,CCU → MAA,2026-04-20 13:54:41.702,2026-04-20 14:26:41.702,2026-04-20,13,2026-04-20,14,32.0,0.5333333333333333,0,0
127,6E146,2,IndiGo,25,20260420,HYD,MAA,HYD → MAA,2026-04-20 13:51:41.703,2026-04-20 15:07:41.703,2026-04-20,13,2026-04-20,15,76.0,1.2666666666666666,0,0
128,6E047,2,IndiGo,29,20260420,MAA,DEL,MAA → DEL,2026-04-20 13:50:41.701,2026-04-20 15:55:41.701,2026-04-20,13,2026-04-20,15,125.0,2.0833333333333335,0,0
129,AI077,1,Air India,14,20260420,CCU,HYD,CCU → HYD,2026-04-20 13:45:41.702,2026-04-20 14:51:41.702,2026-04-20,13,2026-04-20,14,66.0,1.1,0,0
130,UK134,4,Vistara,23,20260420,HYD,CCU,HYD → CCU,2026-04-20 13:44:41.702,2026-04-20 17:26:41.702,2026-04-20,13,2026-04-20,17,222.0,3.7,0,0
131,AI056,1,Air India,20,20260420,DEL,MAA,DEL → MAA,2026-04-20 13:44:41.701,2026-04-20 17:39:41.701,2026-04-20,13,2026-04-20,17,235.0,3.9166666666666665,0,0
132,UK141,4,Vistara,25,20260420,HYD,MAA,HYD → MAA,2026-04-20 13:38:41.703,2026-04-20 15:59:41.703,2026-04-20,13,2026-04-20,15,141.0,2.35,0,0
133,AI030,1,Air India,14,20260420,CCU,HYD,CCU → HYD,2026-04-20 13:33:41.701,2026-04-20 16:52:41.701,2026-04-20,13,2026-04-20,16,199.0,3.316666666666667,0,0
134,AI029,1,Air India,29,20260420,MAA,DEL,MAA → DEL,2026-04-20 13:29:41.701,2026-04-20 17:53:41.701,2026-04-20,13,2026-04-20,17,264.0,4.4,0,0
135,SJ167,3,SpiceJet,28,20260420,MAA,CCU,MAA → CCU,2026-04-20 13:18:41.703,2026-04-20 14:12:41.703,2026-04-20,13,2026-04-20,14,54.0,0.9,0,0
136,UK017,4,Vistara,4,20260420,BLR,HYD,BLR → HYD,2026-04-20 13:14:41.701,2026-04-20 14:49:41.701,2026-04-20,13,2026-04-20,14,95.0,1.5833333333333333,0,0
137,6E229,2,IndiGo,29,20260420,MAA,DEL,MAA → DEL,2026-04-20 13:10:41.704,2026-04-20 14:30:41.704,2026-04-20,13,2026-04-20,14,80.0,1.3333333333333333,0,0
138,SJ117,3,SpiceJet,26,20260420,MAA,BLR,MAA → BLR,2026-04-20 13:10:41.702,2026-04-20 17:06:41.702,2026-04-20,13,2026-04-20,17,236.0,3.933333333333333,0,0
139,6E184,2,IndiGo,27,20260420,MAA,BOM,MAA → BOM,2026-04-20 13:05:41.703,2026-04-20 16:04:41.703,2026-04-20,13,2026-04-20,16,179.0,2.9833333333333334,0,0
140,AI031,1,Air India,20,20260420,DEL,MAA,DEL → MAA,2026-04-20 13:05:41.701,2026-04-20 16:11:41.701,2026-04-20,13,2026-04-20,16,186.0,3.1,0,0
141,AI178,1,Air India,11,20260420,CCU,BLR,CCU → BLR,2026-04-20 13:04:41.703,2026-04-20 14:03:41.703,2026-04-20,13,2026-04-20,14,59.0,0.9833333333333333,0,0
142,SJ089,3,SpiceJet,23,20260420,HYD,CCU,HYD → CCU,2026-04-20 12:42:41.702,2026-04-20 17:15:41.702,2026-04-20,12,2026-04-20,17,273.0,4.55,0,0
143,UK166,4,Vistara,25,20260420,HYD,MAA,HYD → MAA,2026-04-20 12:39:41.703,2026-04-20 17:32:41.703,2026-04-20,12,2026-04-20,17,293.0,4.883333333333334,0,0
144,UK104,4,Vistara,17,20260420,DEL,BOM,DEL → BOM,2026-04-20 12:30:41.702,2026-04-20 13:52:41.702,2026-04-20,12,2026-04-20,13,82.0,1.3666666666666667,0,0
145,6E168,2,IndiGo,24,20260420,HYD,DEL,HYD → DEL,2026-04-20 12:18:41.703,2026-04-20 15:58:41.703,2026-04-20,12,2026-04-20,15,220.0,3.6666666666666665,0,0
146,AI222,1,Air India,8,20260420,BOM,DEL,BOM → DEL,2026-04-20 12:10:41.703,2026-04-20 13:14:41.703,2026-04-20,12,2026-04-20,13,64.0,1.0666666666666667,0,0
147,SJ025,3,SpiceJet,7,20260420,BOM,CCU,BOM → CCU,2026-04-20 12:02:41.701,2026-04-20 15:29:41.701,2026-04-20,12,2026-04-20,15,207.0,3.45,0,0
148,6E255,2,IndiGo,17,20260420,DEL,BOM,DEL → BOM,2026-04-20 11:59:41.703,2026-04-20 15:33:41.703,2026-04-20,11,2026-04-20,15,214.0,3.566666666666667,0,0
149,UK228,4,Vistara,20,20260420,DEL,MAA,DEL → MAA,2026-04-20 11:58:41.704,2026-04-20 15:08:41.704,2026-04-20,11,2026-04-20,15,190.0,3.1666666666666665,0,0
150,6E158,2,IndiGo,15,20260420,CCU,MAA,CCU → MAA,2026-04-20 11:58:41.703,2026-04-20 16:04:41.703,2026-04-20,11,2026-04-20,16,246.0,4.1,0,0
151,SJ218,3,SpiceJet,19,20260420,DEL,HYD,DEL → HYD,2026-04-20 11:58:41.703,2026-04-20 15:03:41.703,2026-04-20,11,2026-04-20,15,185.0,3.0833333333333335,0,0
152,6E034,2,IndiGo,8,20260420,BOM,DEL,BOM → DEL,2026-04-20 11:53:41.701,2026-04-20 12:49:41.701,2026-04-20,11,2026-04-20,12,56.0,0.9333333333333333,0,0
153,UK156,4,Vistara,26,20260420,MAA,BLR,MAA → BLR,2026-04-20 11:50:41.703,2026-04-20 15:54:41.703,2026-04-20,11,2026-04-20,15,244.0,4.066666666666666,0,0
154,6E105,2,IndiGo,1,20260420,BLR,BOM,BLR → BOM,2026-04-20 11:46:41.702,2026-04-20 12:58:41.702,2026-04-20,11,2026-04-20,12,72.0,1.2,0,0
155,6E073,2,IndiGo,18,20260420,DEL,CCU,DEL → CCU,2026-04-20 11:38:41.702,2026-04-20 15:18:41.702,2026-04-20,11,2026-04-20,15,220.0,3.6666666666666665,0,0
156,SJ074,3,SpiceJet,18,20260420,DEL,CCU,DEL → CCU,2026-04-20 11:21:41.701,2026-04-20 12:02:41.701,2026-04-20,11,2026-04-20,12,41.0,0.6833333333333333,0,0
157,6E234,2,IndiGo,8,20260420,BOM,DEL,BOM → DEL,2026-04-20 11:20:41.704,2026-04-20 14:11:41.704,2026-04-20,11,2026-04-20,14,171.0,2.85,0,0
158,6E068,2,IndiGo,4,20260420,BLR,HYD,BLR → HYD,2026-04-20 11:17:41.701,2026-04-20 15:06:41.701,2026-04-20,11,2026-04-20,15,229.0,3.816666666666667,0,0
159,6E074,2,IndiGo,22,20260420,HYD,BOM,HYD → BOM,2026-04-20 11:09:41.702,2026-04-20 14:29:41.702,2026-04-20,11,2026-04-20,14,200.0,3.3333333333333335,0,0
160,AI038,1,Air India,25,20260420,HYD,MAA,HYD → MAA,2026-04-20 11:05:41.701,2026-04-20 15:44:41.701,2026-04-20,11,2026-04-20,15,279.0,4.65,0,0
161,AI079,1,Air India,11,20260420,CCU,BLR,CCU → BLR,2026-04-20 11:04:41.702,2026-04-20 13:19:41.702,2026-04-20,11,2026-04-20,13,135.0,2.25,0,0
162,SJ018,3,SpiceJet,7,20260420,BOM,CCU,BOM → CCU,2026-04-20 10:58:41.701,2026-04-20 13:31:41.701,2026-04-20,10,2026-04-20,13,153.0,2.55,0,0
163,6E018,2,IndiGo,16,20260420,DEL,BLR,DEL → BLR,2026-04-20 10:57:41.701,2026-04-20 11:43:41.701,2026-04-20,10,2026-04-20,11,46.0,0.7666666666666667,0,0
164,AI091,1,Air India,15,20260420,CCU,MAA,CCU → MAA,2026-04-20 10:52:41.702,2026-04-20 15:15:41.702,2026-04-20,10,2026-04-20,15,263.0,4.383333333333334,0,0
165,UK071,4,Vistara,19,20260420,DEL,HYD,DEL → HYD,2026-04-20 10:50:41.701,2026-04-20 14:06:41.701,2026-04-20,10,2026-04-20,14,196.0,3.2666666666666666,0,0
166,AI019,1,Air India,7,20260420,BOM,CCU,BOM → CCU,2026-04-20 10:49:41.701,2026-04-20 11:51:41.701,2026-04-20,10,2026-04-20,11,62.0,1.0333333333333334,0,0
167,UK212,4,Vistara,25,20260420,HYD,MAA,HYD → MAA,2026-04-20 10:46:41.704,2026-04-20 11:31:41.704,2026-04-20,10,2026-04-20,11,45.0,0.75,0,0
168,AI146,1,Air India,3,20260420,BLR,DEL,BLR → DEL,2026-04-20 10:40:41.702,2026-04-20 13:46:41.702,2026-04-20,10,2026-04-20,13,186.0,3.1,0,0
169,6E232,2,IndiGo,26,20260420,MAA,BLR,MAA → BLR,2026-04-20 10:39:41.704,2026-04-20 12:22:41.704,2026-04-20,10,2026-04-20,12,103.0,1.7166666666666666,0,0
170,6E084,2,IndiGo,14,20260420,CCU,HYD,CCU → HYD,2026-04-20 10:34:41.702,2026-04-20 11:34:42.000,2026-04-20,10,2026-04-20,11,60.00496666666666,1.0000827777777777,0,0
171,AI129,1,Air India,7,20260420,BOM,CCU,BOM → CCU,2026-04-20 10:29:41.702,2026-04-20 13:38:41.702,2026-04-20,10,2026-04-20,13,189.0,3.15,0,0
172,AI240,1,Air India,29,20260420,MAA,DEL,MAA → DEL,2026-04-20 10:19:41.704,2026-04-20 12:46:41.704,2026-04-20,10,2026-04-20,12,147.0,2.45,0,0
173,6E091,2,IndiGo,2,20260420,BLR,CCU,BLR → CCU,2026-04-20 10:10:41.702,2026-04-20 11:36:41.702,2026-04-20,10,2026-04-20,11,86.0,1.4333333333333333,0,0
174,UK133,4,Vistara,8,20260420,BOM,DEL,BOM → DEL,2026-04-20 10:04:41.702,2026-04-20 13:16:41.702,2026-04-20,10,2026-04-20,13,192.0,3.2,0,0
175,SJ007,3,SpiceJet,7,20260420,BOM,CCU,BOM → CCU,2026-04-20 10:03:41.701,2026-04-20 14:53:41.701,2026-04-20,10,2026-04-20,14,290.0,4.833333333333333,0,0
176,SJ141,3,SpiceJet,13,20260420,CCU,DEL,CCU → DEL,2026-04-20 10:00:41.702,2026-04-20 13:37:41.702,2026-04-20,10,2026-04-20,13,217.0,3.6166666666666667,0,0
177,6E049,2,IndiGo,24,20260420,HYD,DEL,HYD → DEL,2026-04-20 10:00:41.701,2026-04-20 13:13:41.701,2026-04-20,10,2026-04-20,13,193.0,3.216666666666667,0,0
178,SJ235,3,SpiceJet,8,20260420,BOM,DEL,BOM → DEL,2026-04-20 09:57:41.704,2026-04-20 13:45:41.704,2026-04-20,9,2026-04-20,13,228.0,3.8,0,0
179,UK087,4,Vistara,25,20260420,HYD,MAA,HYD → MAA,2026-04-20 09:49:41.702,2026-04-20 13:17:41.702,2026-04-20,9,2026-04-20,13,208.0,3.466666666666667,0,0
180,UK170,4,Vistara,6,20260420,BOM,BLR,BOM → BLR,2026-04-20 09:42:41.703,2026-04-20 11:32:41.703,2026-04-20,9,2026-04-20,11,110.0,1.8333333333333333,0,0
181,SJ078,3,SpiceJet,19,20260420,DEL,HYD,DEL → HYD,2026-04-20 09:41:41.701,2026-04-20 12:49:41.701,2026-04-20,9,2026-04-20,12,188.0,3.1333333333333333,0,0
182,SJ075,3,SpiceJet,26,20260420,MAA,BLR,MAA → BLR,2026-04-20 09:26:41.701,2026-04-20 11:03:41.701,2026-04-20,9,2026-04-20,11,97.0,1.6166666666666667,0,0
183,AI159,1,Air India,21,20260420,HYD,BLR,HYD → BLR,2026-04-20 09:23:41.703,2026-04-20 11:36:41.703,2026-04-20,9,2026-04-20,11,133.0,2.216666666666667,0,0
184,UK120,4,Vistara,24,20260420,HYD,DEL,HYD → DEL,2026-04-20 09:19:41.702,2026-04-20 13:30:41.702,2026-04-20,9,2026-04-20,13,251.0,4.183333333333334,0,0
185,AI059,1,Air India,13,20260420,CCU,DEL,CCU → DEL,2026-04-20 09:16:41.701,2026-04-20 11:43:41.701,2026-04-20,9,2026-04-20,11,147.0,2.45,0,0
186,UK040,4,Vistara,23,20260420,HYD,CCU,HYD → CCU,2026-04-20 09:15:41.701,2026-04-20 10:32:41.701,2026-04-20,9,2026-04-20,10,77.0,1.2833333333333334,0,0
187,AI044,1,Air India,26,20260420,MAA,BLR,MAA → BLR,2026-04-20 09:03:41.701,2026-04-20 12:36:41.701,2026-04-20,9,2026-04-20,12,213.0,3.55,0,0
188,AI078,1,Air India,17,20260420,DEL,BOM,DEL → BOM,2026-04-20 08:58:41.702,2026-04-20 13:28:41.702,2026-04-20,8,2026-04-20,13,270.0,4.5,0,0
189,SJ226,3,SpiceJet,22,20260420,HYD,BOM,HYD → BOM,2026-04-20 08:47:41.704,2026-04-20 12:54:41.704,2026-04-20,8,2026-04-20,12,247.0,4.116666666666666,0,0
190,6E209,2,IndiGo,28,20260420,MAA,CCU,MAA → CCU,2026-04-20 08:40:41.703,2026-04-20 13:40:41.703,2026-04-20,8,2026-04-20,13,300.0,5.0,0,0
191,UK193,4,Vistara,24,20260420,HYD,DEL,HYD → DEL,2026-04-20 08:39:41.703,2026-04-20 09:14:41.703,2026-04-20,8,2026-04-20,9,35.0,0.5833333333333334,0,0
192,6E092,2,IndiGo,26,20260420,MAA,BLR,MAA → BLR,2026-04-20 08:39:41.702,2026-04-20 09:15:41.702,2026-04-20,8,2026-04-20,9,36.0,0.6,0,0
193,AI208,1,Air India,1,20260420,BLR,BOM,BLR → BOM,2026-04-20 08:38:41.703,2026-04-20 11:52:41.703,2026-04-20,8,2026-04-20,11,194.0,3.2333333333333334,0,0
194,SJ227,3,SpiceJet,7,20260420,BOM,CCU,BOM → CCU,2026-04-20 08:32:41.704,2026-04-20 12:53:41.704,2026-04-20,8,2026-04-20,12,261.0,4.35,0,0
195,6E238,2,IndiGo,8,20260420,BOM,DEL,BOM → DEL,2026-04-20 08:31:41.704,2026-04-20 09:19:41.704,2026-04-20,8,2026-04-20,9,48.0,0.8,0,0
196,AI084,1,Air India,9,20260420,BOM,HYD,BOM → HYD,2026-04-20 08:31:41.702,2026-04-20 09:46:41.702,2026-04-20,8,2026-04-20,9,75.0,1.25,0,0
197,SJ228,3,SpiceJet,7,20260420,BOM,CCU,BOM → CCU,2026-04-20 08:29:41.704,2026-04-20 12:16:41.704,2026-04-20,8,2026-04-20,12,227.0,3.783333333333333,0,0
198,UK194,4,Vistara,12,20260420,CCU,BOM,CCU → BOM,2026-04-20 08:26:41.703,2026-04-20 09:26:42.000,2026-04-20,8,2026-04-20,9,60.00495,1.0000825,0,0
199,6E126,2,IndiGo,15,20260420,CCU,MAA,CCU → MAA,2026-04-20 08:21:41.702,2026-04-20 09:39:41.702,2026-04-20,8,2026-04-20,9,78.0,1.3,0,0
200,SJ052,3,SpiceJet,26,20260420,MAA,BLR,MAA → BLR,2026-04-20 08:20:41.701,2026-04-20 09:57:41.701,2026-04-20,8,2026-04-20,9,97.0,1.6166666666666667,0,0
201,AI233,1,Air India,1,20260420,BLR,BOM,BLR → BOM,2026-04-20 08:04:41.704,2026-04-20 09:52:41.704,2026-04-20,8,2026-04-20,9,108.0,1.8,0,0
202,AI213,1,Air India,23,20260420,HYD,CCU,HYD → CCU,2026-04-20 08:03:41.703,2026-04-20 09:14:41.703,2026-04-20,8,2026-04-20,9,71.0,1.1833333333333333,0,0
203,UK076,4,Vistara,28,20260420,MAA,CCU,MAA → CCU,2026-04-20 08:03:41.702,2026-04-20 12:26:41.702,2026-04-20,8,2026-04-20,12,263.0,4.383333333333334,0,0
204,SJ022,3,SpiceJet,16,20260420,DEL,BLR,DEL → BLR,2026-04-20 07:56:41.701,2026-04-20 11:07:41.701,2026-04-20,7,2026-04-20,11,191.0,3.183333333333333,0,0
205,SJ002,3,SpiceJet,17,20260420,DEL,BOM,DEL → BOM,2026-04-20 07:54:41.701,2026-04-20 12:40:41.701,2026-04-20,7,2026-04-20,12,286.0,4.766666666666667,0,0
206,AI163,1,Air India,25,20260420,HYD,MAA,HYD → MAA,2026-04-20 07:45:41.703,2026-04-20 08:46:41.703,2026-04-20,7,2026-04-20,8,61.0,1.0166666666666666,0,0
207,UK229,4,Vistara,24,20260420,HYD,DEL,HYD → DEL,2026-04-20 07:40:41.704,2026-04-20 11:57:41.704,2026-04-20,7,2026-04-20,11,257.0,4.283333333333333,0,0
208,UK185,4,Vistara,20,20260420,DEL,MAA,DEL → MAA,2026-04-20 07:31:41.703,2026-04-20 08:48:41.703,2026-04-20,7,2026-04-20,8,77.0,1.2833333333333334,0,0
209,6E029,2,IndiGo,6,20260420,BOM,BLR,BOM → BLR,2026-04-20 07:31:41.701,2026-04-20 11:45:41.701,2026-04-20,7,2026-04-20,11,254.0,4.233333333333333,0,0
210,6E056,2,IndiGo,10,20260420,BOM,MAA,BOM → MAA,2026-04-20 07:00:41.701,2026-04-20 08:49:41.701,2026-04-20,7,2026-04-20,8,109.0,1.8166666666666667,0,0
211,AI062,1,Air India,29,20260420,MAA,DEL,MAA → DEL,2026-04-20 06:49:41.701,2026-04-20 07:25:41.701,2026-04-20,6,2026-04-20,7,36.0,0.6,0,0
212,UK034,4,Vistara,16,20260420,DEL,BLR,DEL → BLR,2026-04-20 06:47:41.701,2026-04-20 10:11:41.701,2026-04-20,6,2026-04-20,10,204.0,3.4,0,0
213,UK079,4,Vistara,16,20260420,DEL,BLR,DEL → BLR,2026-04-20 06:43:41.702,2026-04-20 10:34:41.702,2026-04-20,6,2026-04-20,10,231.0,3.85,0,0
214,AI135,1,Air India,1,20260420,BLR,BOM,BLR → BOM,2026-04-20 06:40:41.702,2026-04-20 09:21:41.702,2026-04-20,6,2026-04-20,9,161.0,2.683333333333333,0,0
215,SJ061,3,SpiceJet,26,20260420,MAA,BLR,MAA → BLR,2026-04-20 06:38:41.701,2026-04-20 09:35:41.701,2026-04-20,6,2026-04-20,9,177.0,2.95,0,0
216,AI047,1,Air India,15,20260420,CCU,MAA,CCU → MAA,2026-04-20 06:36:41.701,2026-04-20 07:23:41.701,2026-04-20,6,2026-04-20,7,47.0,0.7833333333333333,0,0
217,UK210,4,Vistara,18,20260420,DEL,CCU,DEL → CCU,2026-04-20 06:35:41.704,2026-04-20 07:30:41.704,2026-04-20,6,2026-04-20,7,55.0,0.9166666666666666,0,0
218,AI088,1,Air India,29,20260420,MAA,DEL,MAA → DEL,2026-04-20 06:34:41.702,2026-04-20 10:10:41.702,2026-04-20,6,2026-04-20,10,216.0,3.6,0,0
219,UK177,4,Vistara,19,20260420,DEL,HYD,DEL → HYD,2026-04-20 06:21:41.703,2026-04-20 10:50:41.703,2026-04-20,6,2026-04-20,10,269.0,4.483333333333333,0,0
220,AI128,1,Air India,7,20260420,BOM,CCU,BOM → CCU,2026-04-20 06:07:41.702,2026-04-20 10:03:41.702,2026-04-20,6,2026-04-20,10,236.0,3.933333333333333,0,0
221,AI158,1,Air India,13,20260420,CCU,DEL,CCU → DEL,2026-04-20 06:04:41.703,2026-04-20 09:01:41.703,2026-04-20,6,2026-04-20,9,177.0,2.95,0,0
222,UK206,4,Vistara,26,20260420,MAA,BLR,MAA → BLR,2026-04-20 06:01:41.703,2026-04-20 10:34:41.703,2026-04-20,6,2026-04-20,10,273.0,4.55,0,0
223,SJ138,3,SpiceJet,1,20260420,BLR,BOM,BLR → BOM,2026-04-20 05:55:41.702,2026-04-20 06:43:41.702,2026-04-20,5,2026-04-20,6,48.0,0.8,0,0
224,AI034,1,Air India,17,20260420,DEL,BOM,DEL → BOM,2026-04-20 05:48:41.701,2026-04-20 10:31:41.701,2026-04-20,5,2026-04-20,10,283.0,4.716666666666667,0,0
225,AI012,1,Air India,7,20260420,BOM,CCU,BOM → CCU,2026-04-20 05:44:41.701,2026-04-20 09:47:41.701,2026-04-20,5,2026-04-20,9,243.0,4.05,0,0
226,6E083,2,IndiGo,3,20260420,BLR,DEL,BLR → DEL,2026-04-20 05:24:41.702,2026-04-20 06:03:41.702,2026-04-20,5,2026-04-20,6,39.0,0.65,0,0
227,SJ083,3,SpiceJet,26,20260420,MAA,BLR,MAA → BLR,2026-04-20 05:13:41.702,2026-04-20 08:17:41.702,2026-04-20,5,2026-04-20,8,184.0,3.066666666666667,0,0
228,SJ186,3,SpiceJet,13,20260420,CCU,DEL,CCU → DEL,2026-04-20 05:11:41.703,2026-04-20 07:22:41.703,2026-04-20,5,2026-04-20,7,131.0,2.183333333333333,0,0
229,UK001,4,Vistara,13,20260420,CCU,DEL,CCU → DEL,2026-04-20 05:06:41.700,2026-04-20 06:31:41.700,2026-04-20,5,2026-04-20,6,85.0,1.4166666666666667,0,0
230,AI217,1,Air India,11,20260420,CCU,BLR,CCU → BLR,2026-04-20 04:57:41.703,2026-04-20 07:14:41.703,2026-04-20,4,2026-04-20,7,137.0,2.283333333333333,0,0
231,6E178,2,IndiGo,7,20260420,BOM,CCU,BOM → CCU,2026-04-20 04:48:41.703,2026-04-20 09:11:41.703,2026-04-20,4,2026-04-20,9,263.0,4.383333333333334,0,0
232,UK015,4,Vistara,1,20260420,BLR,BOM,BLR → BOM,2026-04-20 04:46:41.701,2026-04-20 06:33:41.701,2026-04-20,4,2026-04-20,6,107.0,1.7833333333333334,0,0
233,AI112,1,Air India,16,20260420,DEL,BLR,DEL → BLR,2026-04-20 04:41:41.702,2026-04-20 08:24:41.702,2026-04-20,4,2026-04-20,8,223.0,3.716666666666667,0,0
234,UK100,4,Vistara,11,20260420,CCU,BLR,CCU → BLR,2026-04-20 04:40:41.702,2026-04-20 07:12:41.702,2026-04-20,4,2026-04-20,7,152.0,2.533333333333333,0,0
235,6E133,2,IndiGo,26,20260420,MAA,BLR,MAA → BLR,2026-04-20 04:38:41.702,2026-04-20 06:25:41.702,2026-04-20,4,2026-04-20,6,107.0,1.7833333333333334,0,0
236,AI227,1,Air India,5,20260420,BLR,MAA,BLR → MAA,2026-04-20 04:31:41.703,2026-04-20 08:17:41.703,2026-04-20,4,2026-04-20,8,226.0,3.7666666666666666,0,0
237,UK093,4,Vistara,23,20260420,HYD,CCU,HYD → CCU,2026-04-20 04:31:41.702,2026-04-20 05:21:41.702,2026-04-20,4,2026-04-20,5,50.0,0.8333333333333334,0,0
238,UK203,4,Vistara,4,20260420,BLR,HYD,BLR → HYD,2026-04-20 04:12:41.703,2026-04-20 05:24:41.703,2026-04-20,4,2026-04-20,5,72.0,1.2,0,0
239,UK154,4,Vistara,30,20260420,MAA,HYD,MAA → HYD,2026-04-20 04:00:41.703,2026-04-20 07:57:41.703,2026-04-20,4,2026-04-20,7,237.0,3.95,0,0
240,UK073,4,Vistara,2,20260420,BLR,CCU,BLR → CCU,2026-04-20 03:59:41.702,2026-04-20 08:09:41.702,2026-04-20,3,2026-04-20,8,250.0,4.166666666666667,0,0
241,AI164,1,Air India,16,20260420,DEL,BLR,DEL → BLR,2026-04-20 03:57:41.703,2026-04-20 05:45:41.703,2026-04-20,3,2026-04-20,5,108.0,1.8,0,0
242,UK008,4,Vistara,11,20260420,CCU,BLR,CCU → BLR,2026-04-20 03:57:41.701,2026-04-20 04:34:41.701,2026-04-20,3,2026-04-20,4,37.0,0.6166666666666667,0,0
243,UK051,4,Vistara,24,20260420,HYD,DEL,HYD → DEL,2026-04-20 03:55:41.701,2026-04-20 06:55:41.701,2026-04-20,3,2026-04-20,6,180.0,3.0,0,0
244,UK208,4,Vistara,18,20260420,DEL,CCU,DEL → CCU,2026-04-20 03:54:41.704,2026-04-20 08:51:41.704,2026-04-20,3,2026-04-20,8,297.0,4.95,0,0
245,AI150,1,Air India,8,20260420,BOM,DEL,BOM → DEL,2026-04-20 03:51:41.703,2026-04-20 04:38:41.703,2026-04-20,3,2026-04-20,4,47.0,0.7833333333333333,0,0
246,AI189,1,Air India,13,20260420,CCU,DEL,CCU → DEL,2026-04-20 03:44:41.703,2026-04-20 05:32:41.703,2026-04-20,3,2026-04-20,5,108.0,1.8,0,0
247,6E230,2,IndiGo,11,20260420,CCU,BLR,CCU → BLR,2026-04-20 03:34:41.704,2026-04-20 06:47:41.704,2026-04-20,3,2026-04-20,6,193.0,3.216666666666667,0,0
248,6E169,2,IndiGo,8,20260420,BOM,DEL,BOM → DEL,2026-04-20 03:27:41.703,2026-04-20 08:06:41.703,2026-04-20,3,2026-04-20,8,279.0,4.65,0,0
249,AI205,1,Air India,1,20260420,BLR,BOM,BLR → BOM,2026-04-20 03:26:41.703,2026-04-20 05:14:41.703,2026-04-20,3,2026-04-20,5,108.0,1.8,0,0
250,AI103,1,Air India,1,20260420,BLR,BOM,BLR → BOM,2026-04-20 03:26:41.702,2026-04-20 04:04:41.702,2026-04-20,3,2026-04-20,4,38.0,0.6333333333333333,0,0
251,6E250,2,IndiGo,16,20260420,DEL,BLR,DEL → BLR,2026-04-20 03:26:41.701,2026-04-20 07:30:41.701,2026-04-20,3,2026-04-20,7,244.0,4.066666666666666,0,0
252,AI246,1,Air India,6,20260420,BOM,BLR,BOM → BLR,2026-04-20 03:22:41.704,2026-04-20 06:41:41.704,2026-04-20,3,2026-04-20,6,199.0,3.316666666666667,0,0
253,6E187,2,IndiGo,10,20260420,BOM,MAA,BOM → MAA,2026-04-20 03:19:41.703,2026-04-20 07:37:41.703,2026-04-20,3,2026-04-20,7,258.0,4.3,0,0
254,AI082,1,Air India,18,20260420,DEL,CCU,DEL → CCU,2026-04-20 03:19:41.702,2026-04-20 06:01:41.702,2026-04-20,3,2026-04-20,6,162.0,2.7,0,0
255,UK116,4,Vistara,12,20260420,CCU,BOM,CCU → BOM,2026-04-20 03:18:41.702,2026-04-20 07:06:41.702,2026-04-20,3,2026-04-20,7,228.0,3.8,0,0
256,SJ169,3,SpiceJet,10,20260420,BOM,MAA,BOM → MAA,2026-04-20 03:10:41.703,2026-04-20 07:56:41.703,2026-04-20,3,2026-04-20,7,286.0,4.766666666666667,0,0
257,AI175,1,Air India,9,20260420,BOM,HYD,BOM → HYD,2026-04-20 03:08:41.703,2026-04-20 06:55:41.703,2026-04-20,3,2026-04-20,6,227.0,3.783333333333333,0,0
258,SJ098,3,SpiceJet,25,20260420,HYD,MAA,HYD → MAA,2026-04-20 03:02:41.702,2026-04-20 03:37:41.702,2026-04-20,3,2026-04-20,3,35.0,0.5833333333333334,0,0
259,SJ191,3,SpiceJet,1,20260420,BLR,BOM,BLR → BOM,2026-04-20 03:01:41.703,2026-04-20 04:23:41.703,2026-04-20,3,2026-04-20,4,82.0,1.3666666666666667,0,0
260,SJ017,3,SpiceJet,20,20260420,DEL,MAA,DEL → MAA,2026-04-20 02:57:41.701,2026-04-20 05:00:41.701,2026-04-20,2,2026-04-20,5,123.0,2.05,0,0
261,UK188,4,Vistara,26,20260420,MAA,BLR,MAA → BLR,2026-04-20 02:55:41.703,2026-04-20 03:44:41.703,2026-04-20,2,2026-04-20,3,49.0,0.8166666666666667,0,0
262,AI196,1,Air India,30,20260420,MAA,HYD,MAA → HYD,2026-04-20 02:52:41.703,2026-04-20 04:25:41.703,2026-04-20,2,2026-04-20,4,93.0,1.55,0,0
263,AI068,1,Air India,6,20260420,BOM,BLR,BOM → BLR,2026-04-20 02:48:41.702,2026-04-20 04:48:42.000,2026-04-20,2,2026-04-20,4,120.00496666666666,2.0000827777777777,0,0
264,SJ097,3,SpiceJet,7,20260420,BOM,CCU,BOM → CCU,2026-04-20 02:37:41.702,2026-04-20 05:27:41.702,2026-04-20,2,2026-04-20,5,170.0,2.8333333333333335,0,0
265,SJ030,3,SpiceJet,19,20260420,DEL,HYD,DEL → HYD,2026-04-20 02:36:41.701,2026-04-20 03:19:41.701,2026-04-20,2,2026-04-20,3,43.0,0.7166666666666667,0,0
266,6E179,2,IndiGo,25,20260420,HYD,MAA,HYD → MAA,2026-04-20 02:25:41.703,2026-04-20 06:40:41.703,2026-04-20,2,2026-04-20,6,255.0,4.25,0,0
267,6E156,2,IndiGo,27,20260420,MAA,BOM,MAA → BOM,2026-04-20 02:23:41.703,2026-04-20 04:57:41.703,2026-04-20,2,2026-04-20,4,154.0,2.566666666666667,0,0
268,6E250,2,IndiGo,11,20260420,CCU,BLR,CCU → BLR,2026-04-20 02:23:41.702,2026-04-20 02:56:41.702,2026-04-20,2,2026-04-20,2,33.0,0.55,0,0
269,SJ057,3,SpiceJet,7,20260420,BOM,CCU,BOM → CCU,2026-04-20 02:17:41.701,2026-04-20 05:29:41.701,2026-04-20,2,2026-04-20,5,192.0,3.2,0,0
270,6E036,2,IndiGo,11,20260420,CCU,BLR,CCU → BLR,2026-04-20 02:14:41.701,2026-04-20 06:57:41.701,2026-04-20,2,2026-04-20,6,283.0,4.716666666666667,0,0
271,6E201,2,IndiGo,12,20260420,CCU,BOM,CCU → BOM,2026-04-20 02:09:41.703,2026-04-20 06:49:41.703,2026-04-20,2,2026-04-20,6,280.0,4.666666666666667,0,0
272,6E143,2,IndiGo,13,20260420,CCU,DEL,CCU → DEL,2026-04-20 02:09:41.702,2026-04-20 06:08:41.702,2026-04-20,2,2026-04-20,6,239.0,3.9833333333333334,0,0
273,6E177,2,IndiGo,25,20260420,HYD,MAA,HYD → MAA,2026-04-20 02:03:41.703,2026-04-20 04:25:41.703,2026-04-20,2,2026-04-20,4,142.0,2.3666666666666667,0,0
274,6E031,2,IndiGo,6,20260420,BOM,BLR,BOM → BLR,2026-04-20 02:00:41.701,2026-04-20 06:37:41.701,2026-04-20,2,2026-04-20,6,277.0,4.616666666666666,0,0
275,UK165,4,Vistara,16,20260420,DEL,BLR,DEL → BLR,2026-04-20 01:51:41.703,2026-04-20 06:04:41.703,2026-04-20,1,2026-04-20,6,253.0,4.216666666666667,0,0
276,6E122,2,IndiGo,16,20260420,DEL,BLR,DEL → BLR,2026-04-20 01:44:41.702,2026-04-20 05:28:41.702,2026-04-20,1,2026-04-20,5,224.0,3.7333333333333334,0,0
277,AI009,1,Air India,18,20260420,DEL,CCU,DEL → CCU,2026-04-20 01:31:41.701,2026-04-20 04:05:41.701,2026-04-20,1,2026-04-20,4,154.0,2.566666666666667,0,0
278,6E046,2,IndiGo,16,20260420,DEL,BLR,DEL → BLR,2026-04-20 01:27:41.701,2026-04-20 05:08:41.701,2026-04-20,1,2026-04-20,5,221.0,3.683333333333333,0,0
279,AI051,1,Air India,26,20260420,MAA,BLR,MAA → BLR,2026-04-20 01:27:41.701,2026-04-20 02:22:41.701,2026-04-20,1,2026-04-20,2,55.0,0.9166666666666666,0,0
280,UK222,4,Vistara,7,20260420,BOM,CCU,BOM → CCU,2026-04-20 01:22:41.704,2026-04-20 02:57:41.704,2026-04-20,1,2026-04-20,2,95.0,1.5833333333333333,0,0
281,SJ127,3,SpiceJet,8,20260420,BOM,DEL,BOM → DEL,2026-04-20 01:21:41.702,2026-04-20 03:58:41.702,2026-04-20,1,2026-04-20,3,157.0,2.6166666666666667,0,0
282,AI226,1,Air India,4,20260420,BLR,HYD,BLR → HYD,2026-04-20 01:19:41.703,2026-04-20 04:08:41.703,2026-04-20,1,2026-04-20,4,169.0,2.816666666666667,0,0
283,AI216,1,Air India,7,20260420,BOM,CCU,BOM → CCU,2026-04-20 01:10:41.703,2026-04-20 02:34:41.703,2026-04-20,1,2026-04-20,2,84.0,1.4,0,0
284,6E058,2,IndiGo,7,20260420,BOM,CCU,BOM → CCU,2026-04-20 01:04:41.701,2026-04-20 03:33:41.701,2026-04-20,1,2026-04-20,3,149.0,2.4833333333333334,0,0
285,SJ207,3,SpiceJet,18,20260420,DEL,CCU,DEL → CCU,2026-04-20 00:52:41.703,2026-04-20 04:05:41.703,2026-04-20,0,2026-04-20,4,193.0,3.216666666666667,0,0
286,SJ198,3,SpiceJet,12,20260420,CCU,BOM,CCU → BOM,2026-04-20 00:47:41.703,2026-04-20 05:28:41.703,2026-04-20,0,2026-04-20,5,281.0,4.683333333333334,0,0
287,SJ108,3,SpiceJet,4,20260420,BLR,HYD,BLR → HYD,2026-04-20 00:40:41.702,2026-04-20 03:16:41.702,2026-04-20,0,2026-04-20,3,156.0,2.6,0,0
288,SJ155,3,SpiceJet,18,20260420,DEL,CCU,DEL → CCU,2026-04-20 00:38:41.702,2026-04-20 05:38:41.702,2026-04-20,0,2026-04-20,5,300.0,5.0,0,0
289,6E193,2,IndiGo,10,20260420,BOM,MAA,BOM → MAA,2026-04-20 00:34:41.703,2026-04-20 02:32:41.703,2026-04-20,0,2026-04-20,2,118.0,1.9666666666666666,0,0
290,6E019,2,IndiGo,1,20260420,BLR,BOM,BLR → BOM,2026-04-20 00:19:41.701,2026-04-20 04:14:41.701,2026-04-20,0,2026-04-20,4,235.0,3.9166666666666665,0,0
291,AI102,1,Air India,11,20260420,CCU,BLR,CCU → BLR,2026-04-20 00:17:41.702,2026-04-20 05:08:41.702,2026-04-20,0,2026-04-20,5,291.0,4.85,0,0
292,6E166,2,IndiGo,7,20260420,BOM,CCU,BOM → CCU,2026-04-20 00:03:41.703,2026-04-20 04:33:41.703,2026-04-20,0,2026-04-20,4,270.0,4.5,0,0
293,UK175,4,Vistara,1,20260419,BLR,BOM,BLR → BOM,2026-04-19 23:56:41.703,2026-04-20 03:18:41.703,2026-04-19,23,2026-04-20,3,202.0,3.3666666666666667,0,0
294,6E010,2,IndiGo,16,20260419,DEL,BLR,DEL → BLR,2026-04-19 23:53:41.701,2026-04-20 03:44:41.701,2026-04-19,23,2026-04-20,3,231.0,3.85,0,0
295,AI234,1,Air India,10,20260419,BOM,MAA,BOM → MAA,2026-04-19 23:50:41.704,2026-04-20 01:34:41.704,2026-04-19,23,2026-04-20,1,104.0,1.7333333333333334,0,0
296,UK135,4,Vistara,24,20260419,HYD,DEL,HYD → DEL,2026-04-19 23:50:41.702,2026-04-20 01:43:41.702,2026-04-19,23,2026-04-20,1,113.0,1.8833333333333333,0,0
297,6E272,2,IndiGo,25,20260419,HYD,MAA,HYD → MAA,2026-04-19 23:35:41.702,2026-04-20 00:22:41.702,2026-04-19,23,2026-04-20,0,47.0,0.7833333333333333,0,0
298,AI061,1,Air India,7,20260419,BOM,CCU,BOM → CCU,2026-04-19 23:31:41.701,2026-04-20 01:02:41.701,2026-04-19,23,2026-04-20,1,91.0,1.5166666666666666,0,0
299,6E070,2,IndiGo,24,20260419,HYD,DEL,HYD → DEL,2026-04-19 23:23:41.701,2026-04-20 02:24:41.701,2026-04-19,23,2026-04-20,2,181.0,3.0166666666666666,0,0
300,AI015,1,Air India,2,20260419,BLR,CCU,BLR → CCU,2026-04-19 23:21:41.701,2026-04-20 01:15:41.701,2026-04-19,23,2026-04-20,1,114.0,1.9,0,0
301,SJ076,3,SpiceJet,20,20260419,DEL,MAA,DEL → MAA,2026-04-19 23:01:41.701,2026-04-20 02:02:41.701,2026-04-19,23,2026-04-20,2,181.0,3.0166666666666666,0,0
302,SJ029,3,SpiceJet,24,20260419,HYD,DEL,HYD → DEL,2026-04-19 22:55:41.701,2026-04-20 00:22:41.701,2026-04-19,22,2026-04-20,0,87.0,1.45,0,0
303,SJ194,3,SpiceJet,13,20260419,CCU,DEL,CCU → DEL,2026-04-19 22:46:41.703,2026-04-20 02:31:41.703,2026-04-19,22,2026-04-20,2,225.0,3.75,0,0
304,AI235,1,Air India,4,20260419,BLR,HYD,BLR → HYD,2026-04-19 22:45:41.704,2026-04-20 02:12:41.704,2026-04-19,22,2026-04-20,2,207.0,3.45,0,0
305,SJ048,3,SpiceJet,26,20260419,MAA,BLR,MAA → BLR,2026-04-19 22:43:41.701,2026-04-20 00:19:41.701,2026-04-19,22,2026-04-20,0,96.0,1.6,0,0
306,SJ114,3,SpiceJet,24,20260419,HYD,DEL,HYD → DEL,2026-04-19 22:42:41.702,2026-04-20 02:02:41.702,2026-04-19,22,2026-04-20,2,200.0,3.3333333333333335,0,0
307,SJ146,3,SpiceJet,21,20260419,HYD,BLR,HYD → BLR,2026-04-19 22:37:41.702,2026-04-20 00:33:41.702,2026-04-19,22,2026-04-20,0,116.0,1.9333333333333333,0,0
308,UK041,4,Vistara,25,20260419,HYD,MAA,HYD → MAA,2026-04-19 22:37:41.701,2026-04-19 23:44:41.701,2026-04-19,22,2026-04-19,23,67.0,1.1166666666666667,0,0
309,6E075,2,IndiGo,7,20260419,BOM,CCU,BOM → CCU,2026-04-19 22:20:41.702,2026-04-20 03:02:41.702,2026-04-19,22,2026-04-20,3,282.0,4.7,0,0
310,SJ020,3,SpiceJet,1,20260419,BLR,BOM,BLR → BOM,2026-04-19 22:18:41.701,2026-04-20 02:27:41.701,2026-04-19,22,2026-04-20,2,249.0,4.15,0,0
311,SJ099,3,SpiceJet,26,20260419,MAA,BLR,MAA → BLR,2026-04-19 22:14:41.702,2026-04-20 00:34:41.702,2026-04-19,22,2026-04-20,0,140.0,2.3333333333333335,0,0
312,6E078,2,IndiGo,7,20260419,BOM,CCU,BOM → CCU,2026-04-19 22:04:41.702,2026-04-19 23:37:41.702,2026-04-19,22,2026-04-19,23,93.0,1.55,0,0
313,UK219,4,Vistara,9,20260419,BOM,HYD,BOM → HYD,2026-04-19 22:03:41.704,2026-04-20 02:21:41.704,2026-04-19,22,2026-04-20,2,258.0,4.3,0,0
314,UK223,4,Vistara,13,20260419,CCU,DEL,CCU → DEL,2026-04-19 21:58:41.704,2026-04-19 22:30:41.704,2026-04-19,21,2026-04-19,22,32.0,0.5333333333333333,0,0
315,UK227,4,Vistara,9,20260419,BOM,HYD,BOM → HYD,2026-04-19 21:57:41.704,2026-04-20 01:47:41.704,2026-04-19,21,2026-04-20,1,230.0,3.8333333333333335,0,0
316,6E260,2,IndiGo,13,20260419,CCU,DEL,CCU → DEL,2026-04-19 21:51:41.702,2026-04-20 01:14:41.702,2026-04-19,21,2026-04-20,1,203.0,3.3833333333333333,0,0
317,AI096,1,Air India,13,20260419,CCU,DEL,CCU → DEL,2026-04-19 21:48:41.702,2026-04-20 02:46:41.702,2026-04-19,21,2026-04-20,2,298.0,4.966666666666667,0,0
318,6E022,2,IndiGo,26,20260419,MAA,BLR,MAA → BLR,2026-04-19 21:46:41.701,2026-04-20 02:05:41.701,2026-04-19,21,2026-04-20,2,259.0,4.316666666666666,0,0
319,6E237,2,IndiGo,25,20260419,HYD,MAA,HYD → MAA,2026-04-19 21:41:41.704,2026-04-20 00:44:41.704,2026-04-19,21,2026-04-20,0,183.0,3.05,0,0
320,UK146,4,Vistara,10,20260419,BOM,MAA,BOM → MAA,2026-04-19 21:40:41.703,2026-04-20 00:08:41.703,2026-04-19,21,2026-04-20,0,148.0,2.466666666666667,0,0
321,SJ015,3,SpiceJet,7,20260419,BOM,CCU,BOM → CCU,2026-04-19 21:40:41.701,2026-04-19 22:52:41.701,2026-04-19,21,2026-04-19,22,72.0,1.2,0,0
322,AI108,1,Air India,2,20260419,BLR,CCU,BLR → CCU,2026-04-19 21:32:41.702,2026-04-20 00:17:41.702,2026-04-19,21,2026-04-20,0,165.0,2.75,0,0
323,UK020,4,Vistara,26,20260419,MAA,BLR,MAA → BLR,2026-04-19 21:23:41.701,2026-04-19 22:38:41.701,2026-04-19,21,2026-04-19,22,75.0,1.25,0,0
324,6E113,2,IndiGo,7,20260419,BOM,CCU,BOM → CCU,2026-04-19 21:04:41.702,2026-04-20 01:30:41.702,2026-04-19,21,2026-04-20,1,266.0,4.433333333333334,0,0
325,6E112,2,IndiGo,24,20260419,HYD,DEL,HYD → DEL,2026-04-19 21:00:41.702,2026-04-19 23:16:41.702,2026-04-19,21,2026-04-19,23,136.0,2.2666666666666666,0,0
326,6E246,2,IndiGo,24,20260419,HYD,DEL,HYD → DEL,2026-04-19 21:00:41.702,2026-04-19 23:16:41.702,2026-04-19,21,2026-04-19,23,136.0,2.2666666666666666,0,0
327,UK158,4,Vistara,10,20260419,BOM,MAA,BOM → MAA,2026-04-19 20:49:41.703,2026-04-19 21:22:41.703,2026-04-19,20,2026-04-19,21,33.0,0.55,0,0
328,UK159,4,Vistara,11,20260419,CCU,BLR,CCU → BLR,2026-04-19 20:45:41.703,2026-04-19 23:32:41.703,2026-04-19,20,2026-04-19,23,167.0,2.783333333333333,0,0
329,UK084,4,Vistara,29,20260419,MAA,DEL,MAA → DEL,2026-04-19 20:44:41.702,2026-04-20 00:20:41.702,2026-04-19,20,2026-04-20,0,216.0,3.6,0,0
330,SJ206,3,SpiceJet,18,20260419,DEL,CCU,DEL → CCU,2026-04-19 20:43:41.703,2026-04-20 01:21:41.703,2026-04-19,20,2026-04-20,1,278.0,4.633333333333334,0,0
331,UK044,4,Vistara,1,20260419,BLR,BOM,BLR → BOM,2026-04-19 20:31:41.701,2026-04-19 23:29:41.701,2026-04-19,20,2026-04-19,23,178.0,2.966666666666667,0,0
332,SJ036,3,SpiceJet,19,20260419,DEL,HYD,DEL → HYD,2026-04-19 20:24:41.701,2026-04-19 23:54:41.701,2026-04-19,20,2026-04-19,23,210.0,3.5,0,0
333,6E176,2,IndiGo,13,20260419,CCU,DEL,CCU → DEL,2026-04-19 20:23:42.000,2026-04-19 23:23:42.000,2026-04-19,20,2026-04-19,23,180.0,3.0,0,0
334,6E148,2,IndiGo,12,20260419,CCU,BOM,CCU → BOM,2026-04-19 20:23:41.703,2026-04-19 22:30:41.703,2026-04-19,20,2026-04-19,22,127.0,2.1166666666666667,0,0
335,6E202,2,IndiGo,21,20260419,HYD,BLR,HYD → BLR,2026-04-19 20:18:41.703,2026-04-19 23:48:41.703,2026-04-19,20,2026-04-19,23,210.0,3.5,0,0
336,6E071,2,IndiGo,18,20260419,DEL,CCU,DEL → CCU,2026-04-19 20:18:41.702,2026-04-20 00:31:41.702,2026-04-19,20,2026-04-20,0,253.0,4.216666666666667,0,0
337,AI105,1,Air India,13,20260419,CCU,DEL,CCU → DEL,2026-04-19 20:16:41.702,2026-04-19 22:03:41.702,2026-04-19,20,2026-04-19,22,107.0,1.7833333333333334,0,0
338,AI241,1,Air India,21,20260419,HYD,BLR,HYD → BLR,2026-04-19 20:11:41.704,2026-04-19 22:18:41.704,2026-04-19,20,2026-04-19,22,127.0,2.1166666666666667,0,0
339,SJ162,3,SpiceJet,19,20260419,DEL,HYD,DEL → HYD,2026-04-19 20:11:41.703,2026-04-19 22:30:41.703,2026-04-19,20,2026-04-19,22,139.0,2.316666666666667,0,0
340,6E003,2,IndiGo,22,20260419,HYD,BOM,HYD → BOM,2026-04-19 20:06:41.700,2026-04-19 23:13:41.700,2026-04-19,20,2026-04-19,23,187.0,3.1166666666666667,0,0
341,6E249,2,IndiGo,22,20260419,HYD,BOM,HYD → BOM,2026-04-19 20:06:41.700,2026-04-19 23:13:41.700,2026-04-19,20,2026-04-19,23,187.0,3.1166666666666667,0,0
342,AI237,1,Air India,7,20260419,BOM,CCU,BOM → CCU,2026-04-19 19:58:41.704,2026-04-19 23:13:41.704,2026-04-19,19,2026-04-19,23,195.0,3.25,0,0
343,SJ134,3,SpiceJet,7,20260419,BOM,CCU,BOM → CCU,2026-04-19 19:58:41.702,2026-04-20 00:15:41.702,2026-04-19,19,2026-04-20,0,257.0,4.283333333333333,0,0
344,AI071,1,Air India,10,20260419,BOM,MAA,BOM → MAA,2026-04-19 19:55:41.702,2026-04-19 22:58:41.702,2026-04-19,19,2026-04-19,22,183.0,3.05,0,0
345,6E118,2,IndiGo,14,20260419,CCU,HYD,CCU → HYD,2026-04-19 19:52:41.702,2026-04-19 21:01:41.702,2026-04-19,19,2026-04-19,21,69.0,1.15,0,0
346,6E014,2,IndiGo,20,20260419,DEL,MAA,DEL → MAA,2026-04-19 19:42:41.701,2026-04-19 23:15:41.701,2026-04-19,19,2026-04-19,23,213.0,3.55,0,0
347,6E065,2,IndiGo,26,20260419,MAA,BLR,MAA → BLR,2026-04-19 19:40:41.701,2026-04-19 22:23:41.701,2026-04-19,19,2026-04-19,22,163.0,2.716666666666667,0,0
348,6E271,2,IndiGo,25,20260419,HYD,MAA,HYD → MAA,2026-04-19 19:33:41.702,2026-04-19 22:52:41.702,2026-04-19,19,2026-04-19,22,199.0,3.316666666666667,0,0
349,SJ070,3,SpiceJet,28,20260419,MAA,CCU,MAA → CCU,2026-04-19 18:55:41.701,2026-04-19 20:48:41.701,2026-04-19,18,2026-04-19,20,113.0,1.8833333333333333,0,0
350,6E007,2,IndiGo,25,20260419,HYD,MAA,HYD → MAA,2026-04-19 18:55:41.701,2026-04-19 19:54:41.701,2026-04-19,18,2026-04-19,19,59.0,0.9833333333333333,0,0
351,UK007,4,Vistara,19,20260419,DEL,HYD,DEL → HYD,2026-04-19 18:50:41.701,2026-04-19 21:04:41.701,2026-04-19,18,2026-04-19,21,134.0,2.2333333333333334,0,0
352,SJ192,3,SpiceJet,22,20260419,HYD,BOM,HYD → BOM,2026-04-19 18:45:42.000,2026-04-19 23:45:42.000,2026-04-19,18,2026-04-19,23,300.0,5.0,1,0
353,AI097,1,Air India,25,20260419,HYD,MAA,HYD → MAA,2026-04-19 18:42:41.702,2026-04-19 23:34:41.702,2026-04-19,18,2026-04-19,23,292.0,4.866666666666666,0,0
354,6E256,2,IndiGo,7,20260419,BOM,CCU,BOM → CCU,2026-04-19 18:40:41.702,2026-04-19 19:13:41.702,2026-04-19,18,2026-04-19,19,33.0,0.55,0,0
355,UK047,4,Vistara,4,20260419,BLR,HYD,BLR → HYD,2026-04-19 18:40:41.701,2026-04-19 22:45:41.701,2026-04-19,18,2026-04-19,22,245.0,4.083333333333333,0,0
356,AI024,1,Air India,27,20260419,MAA,BOM,MAA → BOM,2026-04-19 18:38:41.701,2026-04-19 19:45:41.701,2026-04-19,18,2026-04-19,19,67.0,1.1166666666666667,0,0
357,UK113,4,Vistara,13,20260419,CCU,DEL,CCU → DEL,2026-04-19 18:34:41.702,2026-04-19 22:58:41.702,2026-04-19,18,2026-04-19,22,264.0,4.4,0,0
358,SJ163,3,SpiceJet,19,20260419,DEL,HYD,DEL → HYD,2026-04-19 18:32:41.703,2026-04-19 23:08:41.703,2026-04-19,18,2026-04-19,23,276.0,4.6,0,0
359,SJ208,3,SpiceJet,19,20260419,DEL,HYD,DEL → HYD,2026-04-19 18:32:41.703,2026-04-19 19:33:41.703,2026-04-19,18,2026-04-19,19,61.0,1.0166666666666666,0,0
360,SJ221,3,SpiceJet,30,20260419,MAA,HYD,MAA → HYD,2026-04-19 18:31:41.703,2026-04-19 23:17:41.703,2026-04-19,18,2026-04-19,23,286.0,4.766666666666667,0,0
361,SJ084,3,SpiceJet,25,20260419,HYD,MAA,HYD → MAA,2026-04-19 18:31:41.702,2026-04-19 19:30:41.702,2026-04-19,18,2026-04-19,19,59.0,0.9833333333333333,0,0
362,6E127,2,IndiGo,22,20260419,HYD,BOM,HYD → BOM,2026-04-19 18:27:41.702,2026-04-19 22:28:41.702,2026-04-19,18,2026-04-19,22,241.0,4.016666666666667,0,0
363,AI122,1,Air India,7,20260419,BOM,CCU,BOM → CCU,2026-04-19 18:25:41.702,2026-04-19 22:36:41.702,2026-04-19,18,2026-04-19,22,251.0,4.183333333333334,0,0
364,AI139,1,Air India,25,20260419,HYD,MAA,HYD → MAA,2026-04-19 18:23:41.702,2026-04-19 19:24:41.702,2026-04-19,18,2026-04-19,19,61.0,1.0166666666666666,0,0
365,UK149,4,Vistara,29,20260419,MAA,DEL,MAA → DEL,2026-04-19 18:22:41.703,2026-04-19 23:08:41.703,2026-04-19,18,2026-04-19,23,286.0,4.766666666666667,0,0
366,AI149,1,Air India,9,20260419,BOM,HYD,BOM → HYD,2026-04-19 18:19:41.703,2026-04-19 21:36:41.703,2026-04-19,18,2026-04-19,21,197.0,3.283333333333333,0,0
367,SJ243,3,SpiceJet,3,20260419,BLR,DEL,BLR → DEL,2026-04-19 18:17:41.704,2026-04-19 23:03:41.704,2026-04-19,18,2026-04-19,23,286.0,4.766666666666667,0,0
368,AI053,1,Air India,13,20260419,CCU,DEL,CCU → DEL,2026-04-19 18:04:41.701,2026-04-19 22:19:41.701,2026-04-19,18,2026-04-19,22,255.0,4.25,0,0
369,UK061,4,Vistara,1,20260419,BLR,BOM,BLR → BOM,2026-04-19 17:58:41.701,2026-04-19 19:48:41.701,2026-04-19,17,2026-04-19,19,110.0,1.8333333333333333,0,0
370,SJ004,3,SpiceJet,29,20260419,MAA,DEL,MAA → DEL,2026-04-19 17:52:41.701,2026-04-19 21:01:41.701,2026-04-19,17,2026-04-19,21,189.0,3.15,0,0
371,AI173,1,Air India,24,20260419,HYD,DEL,HYD → DEL,2026-04-19 17:36:41.703,2026-04-19 22:27:41.703,2026-04-19,17,2026-04-19,22,291.0,4.85,0,0
372,6E085,2,IndiGo,25,20260419,HYD,MAA,HYD → MAA,2026-04-19 17:32:41.702,2026-04-19 19:32:42.000,2026-04-19,17,2026-04-19,19,120.00496666666666,2.0000827777777777,0,0
373,AI252,1,Air India,24,20260419,HYD,DEL,HYD → DEL,2026-04-19 17:30:41.704,2026-04-19 21:54:41.704,2026-04-19,17,2026-04-19,21,264.0,4.4,0,0
374,SJ109,3,SpiceJet,8,20260419,BOM,DEL,BOM → DEL,2026-04-19 17:24:41.702,2026-04-19 20:28:41.702,2026-04-19,17,2026-04-19,20,184.0,3.066666666666667,0,0
375,UK123,4,Vistara,8,20260419,BOM,DEL,BOM → DEL,2026-04-19 17:24:41.702,2026-04-19 20:18:41.702,2026-04-19,17,2026-04-19,20,174.0,2.9,0,0
376,6E125,2,IndiGo,7,20260419,BOM,CCU,BOM → CCU,2026-04-19 17:09:41.702,2026-04-19 21:13:41.702,2026-04-19,17,2026-04-19,21,244.0,4.066666666666666,0,0
377,UK183,4,Vistara,2,20260419,BLR,CCU,BLR → CCU,2026-04-19 17:07:41.703,2026-04-19 18:30:41.703,2026-04-19,17,2026-04-19,18,83.0,1.3833333333333333,0,0
378,AI110,1,Air India,7,20260419,BOM,CCU,BOM → CCU,2026-04-19 17:07:41.702,2026-04-19 22:00:41.702,2026-04-19,17,2026-04-19,22,293.0,4.883333333333334,0,0
379,UK105,4,Vistara,14,20260419,CCU,HYD,CCU → HYD,2026-04-19 17:04:41.702,2026-04-19 18:11:41.702,2026-04-19,17,2026-04-19,18,67.0,1.1166666666666667,0,0
380,6E128,2,IndiGo,24,20260419,HYD,DEL,HYD → DEL,2026-04-19 16:56:41.702,2026-04-19 18:03:41.702,2026-04-19,16,2026-04-19,18,67.0,1.1166666666666667,0,0
381,6E224,2,IndiGo,20,20260419,DEL,MAA,DEL → MAA,2026-04-19 16:53:41.704,2026-04-19 18:52:41.704,2026-04-19,16,2026-04-19,18,119.0,1.9833333333333334,0,0
382,SJ130,3,SpiceJet,8,20260419,BOM,DEL,BOM → DEL,2026-04-19 16:53:41.702,2026-04-19 20:53:41.702,2026-04-19,16,2026-04-19,20,240.0,4.0,0,0
383,AI224,1,Air India,19,20260419,DEL,HYD,DEL → HYD,2026-04-19 16:51:41.703,2026-04-19 21:36:41.703,2026-04-19,16,2026-04-19,21,285.0,4.75,0,0
384,SJ182,3,SpiceJet,12,20260419,CCU,BOM,CCU → BOM,2026-04-19 16:48:41.703,2026-04-19 17:36:41.703,2026-04-19,16,2026-04-19,17,48.0,0.8,0,0
385,UK164,4,Vistara,9,20260419,BOM,HYD,BOM → HYD,2026-04-19 16:46:41.703,2026-04-19 21:10:41.703,2026-04-19,16,2026-04-19,21,264.0,4.4,0,0
386,AI161,1,Air India,12,20260419,CCU,BOM,CCU → BOM,2026-04-19 16:40:41.703,2026-04-19 19:40:41.703,2026-04-19,16,2026-04-19,19,180.0,3.0,0,0
387,6E206,2,IndiGo,17,20260419,DEL,BOM,DEL → BOM,2026-04-19 16:39:41.703,2026-04-19 20:59:41.703,2026-04-19,16,2026-04-19,20,260.0,4.333333333333333,0,0
388,SJ204,3,SpiceJet,13,20260419,CCU,DEL,CCU → DEL,2026-04-19 16:34:41.703,2026-04-19 18:15:41.703,2026-04-19,16,2026-04-19,18,101.0,1.6833333333333333,0,0
389,AI206,1,Air India,15,20260419,CCU,MAA,CCU → MAA,2026-04-19 16:30:41.703,2026-04-19 20:01:41.703,2026-04-19,16,2026-04-19,20,211.0,3.5166666666666666,0,0
390,6E140,2,IndiGo,14,20260419,CCU,HYD,CCU → HYD,2026-04-19 16:30:41.702,2026-04-19 18:21:41.702,2026-04-19,16,2026-04-19,18,111.0,1.85,0,0
391,6E253,2,IndiGo,26,20260419,MAA,BLR,MAA → BLR,2026-04-19 16:26:41.703,2026-04-19 18:24:41.703,2026-04-19,16,2026-04-19,18,118.0,1.9666666666666666,0,0
392,SJ203,3,SpiceJet,19,20260419,DEL,HYD,DEL → HYD,2026-04-19 16:22:41.703,2026-04-19 18:27:41.703,2026-04-19,16,2026-04-19,18,125.0,2.0833333333333335,0,0
393,SJ161,3,SpiceJet,26,20260419,MAA,BLR,MAA → BLR,2026-04-19 16:22:41.703,2026-04-19 17:04:41.703,2026-04-19,16,2026-04-19,17,42.0,0.7,0,0
394,AI098,1,Air India,25,20260419,HYD,MAA,HYD → MAA,2026-04-19 16:01:41.702,2026-04-19 18:11:41.702,2026-04-19,16,2026-04-19,18,130.0,2.1666666666666665,0,0
395,AI168,1,Air India,18,20260419,DEL,CCU,DEL → CCU,2026-04-19 15:50:41.703,2026-04-19 20:20:41.703,2026-04-19,15,2026-04-19,20,270.0,4.5,0,0
396,UK190,4,Vistara,16,20260419,DEL,BLR,DEL → BLR,2026-04-19 15:49:41.703,2026-04-19 18:53:41.703,2026-04-19,15,2026-04-19,18,184.0,3.066666666666667,0,0
397,AI085,1,Air India,19,20260419,DEL,HYD,DEL → HYD,2026-04-19 15:45:41.702,2026-04-19 20:33:41.702,2026-04-19,15,2026-04-19,20,288.0,4.8,0,0
398,AI076,1,Air India,1,20260419,BLR,BOM,BLR → BOM,2026-04-19 15:37:41.702,2026-04-19 16:12:41.702,2026-04-19,15,2026-04-19,16,35.0,0.5833333333333334,0,0
399,UK130,4,Vistara,26,20260419,MAA,BLR,MAA → BLR,2026-04-19 15:36:41.702,2026-04-19 19:43:41.702,2026-04-19,15,2026-04-19,19,247.0,4.116666666666666,0,0
400,6E038,2,IndiGo,25,20260419,HYD,MAA,HYD → MAA,2026-04-19 15:36:41.701,2026-04-19 19:33:41.701,2026-04-19,15,2026-04-19,19,237.0,3.95,0,0
401,UK110,4,Vistara,24,20260419,HYD,DEL,HYD → DEL,2026-04-19 15:26:41.702,2026-04-19 20:13:41.702,2026-04-19,15,2026-04-19,20,287.0,4.783333333333333,0,0
402,SJ013,3,SpiceJet,20,20260419,DEL,MAA,DEL → MAA,2026-04-19 15:25:41.701,2026-04-19 19:54:41.701,2026-04-19,15,2026-04-19,19,269.0,4.483333333333333,0,0
403,AI039,1,Air India,26,20260419,MAA,BLR,MAA → BLR,2026-04-19 15:24:41.701,2026-04-19 18:56:41.701,2026-04-19,15,2026-04-19,18,212.0,3.533333333333333,0,0
404,AI248,1,Air India,13,20260419,CCU,DEL,CCU → DEL,2026-04-19 15:17:41.704,2026-04-19 16:35:41.704,2026-04-19,15,2026-04-19,16,78.0,1.3,0,0
405,6E199,2,IndiGo,20,20260419,DEL,MAA,DEL → MAA,2026-04-19 15:15:41.703,2026-04-19 17:32:41.703,2026-04-19,15,2026-04-19,17,137.0,2.283333333333333,0,0
406,AI225,1,Air India,6,20260419,BOM,BLR,BOM → BLR,2026-04-19 15:05:41.703,2026-04-19 16:01:41.703,2026-04-19,15,2026-04-19,16,56.0,0.9333333333333333,0,0
407,SJ028,3,SpiceJet,12,20260419,CCU,BOM,CCU → BOM,2026-04-19 15:04:41.701,2026-04-19 19:32:41.701,2026-04-19,15,2026-04-19,19,268.0,4.466666666666667,0,0
408,SJ012,3,SpiceJet,21,20260419,HYD,BLR,HYD → BLR,2026-04-19 15:01:41.701,2026-04-19 16:12:41.701,2026-04-19,15,2026-04-19,16,71.0,1.1833333333333333,0,0
409,SJ131,3,SpiceJet,30,20260419,MAA,HYD,MAA → HYD,2026-04-19 15:00:41.702,2026-04-19 16:07:41.702,2026-04-19,15,2026-04-19,16,67.0,1.1166666666666667,0,0
410,AI010,1,Air India,9,20260419,BOM,HYD,BOM → HYD,2026-04-19 15:00:41.701,2026-04-19 19:48:41.701,2026-04-19,15,2026-04-19,19,288.0,4.8,0,0
411,6E020,2,IndiGo,9,20260419,BOM,HYD,BOM → HYD,2026-04-19 14:58:41.701,2026-04-19 16:43:41.701,2026-04-19,14,2026-04-19,16,105.0,1.75,0,0
412,SJ038,3,SpiceJet,3,20260419,BLR,DEL,BLR → DEL,2026-04-19 14:57:41.701,2026-04-19 17:46:41.701,2026-04-19,14,2026-04-19,17,169.0,2.816666666666667,0,0
413,UK204,4,Vistara,3,20260419,BLR,DEL,BLR → DEL,2026-04-19 14:46:41.703,2026-04-19 16:24:41.703,2026-04-19,14,2026-04-19,16,98.0,1.6333333333333333,0,0
414,AI036,1,Air India,7,20260419,BOM,CCU,BOM → CCU,2026-04-19 14:45:41.701,2026-04-19 16:16:41.701,2026-04-19,14,2026-04-19,16,91.0,1.5166666666666666,0,0
415,AI100,1,Air India,12,20260419,CCU,BOM,CCU → BOM,2026-04-19 14:42:41.702,2026-04-19 18:22:41.702,2026-04-19,14,2026-04-19,18,220.0,3.6666666666666665,0,0
416,SJ215,3,SpiceJet,13,20260419,CCU,DEL,CCU → DEL,2026-04-19 14:37:41.703,2026-04-19 16:12:41.703,2026-04-19,14,2026-04-19,16,95.0,1.5833333333333333,0,0
417,UK155,4,Vistara,30,20260419,MAA,HYD,MAA → HYD,2026-04-19 14:34:41.703,2026-04-19 18:37:41.703,2026-04-19,14,2026-04-19,18,243.0,4.05,0,0
418,SJ173,3,SpiceJet,14,20260419,CCU,HYD,CCU → HYD,2026-04-19 14:27:41.703,2026-04-19 16:09:41.703,2026-04-19,14,2026-04-19,16,102.0,1.7,0,0
419,UK179,4,Vistara,19,20260419,DEL,HYD,DEL → HYD,2026-04-19 14:25:41.703,2026-04-19 19:15:41.703,2026-04-19,14,2026-04-19,19,290.0,4.833333333333333,0,0
420,UK221,4,Vistara,13,20260419,CCU,DEL,CCU → DEL,2026-04-19 14:18:41.704,2026-04-19 18:44:41.704,2026-04-19,14,2026-04-19,18,266.0,4.433333333333334,0,0
421,UK023,4,Vistara,20,20260419,DEL,MAA,DEL → MAA,2026-04-19 14:15:41.701,2026-04-19 19:03:41.701,2026-04-19,14,2026-04-19,19,288.0,4.8,0,0
422,SJ107,3,SpiceJet,10,20260419,BOM,MAA,BOM → MAA,2026-04-19 14:10:41.702,2026-04-19 18:38:41.702,2026-04-19,14,2026-04-19,18,268.0,4.466666666666667,0,0
423,AI073,1,Air India,6,20260419,BOM,BLR,BOM → BLR,2026-04-19 14:08:41.702,2026-04-19 16:10:41.702,2026-04-19,14,2026-04-19,16,122.0,2.033333333333333,0,0
424,SJ187,3,SpiceJet,26,20260419,MAA,BLR,MAA → BLR,2026-04-19 14:07:41.703,2026-04-19 17:30:41.703,2026-04-19,14,2026-04-19,17,203.0,3.3833333333333333,0,0
425,UK058,4,Vistara,27,20260419,MAA,BOM,MAA → BOM,2026-04-19 13:46:41.701,2026-04-19 17:04:41.701,2026-04-19,13,2026-04-19,17,198.0,3.3,0,0
426,SJ063,3,SpiceJet,27,20260419,MAA,BOM,MAA → BOM,2026-04-19 13:38:41.701,2026-04-19 15:23:41.701,2026-04-19,13,2026-04-19,15,105.0,1.75,0,0
427,SJ062,3,SpiceJet,4,20260419,BLR,HYD,BLR → HYD,2026-04-19 13:37:41.701,2026-04-19 17:06:41.701,2026-04-19,13,2026-04-19,17,209.0,3.4833333333333334,0,0
428,UK048,4,Vistara,29,20260419,MAA,DEL,MAA → DEL,2026-04-19 13:36:41.701,2026-04-19 18:21:41.701,2026-04-19,13,2026-04-19,18,285.0,4.75,0,0
429,AI181,1,Air India,30,20260419,MAA,HYD,MAA → HYD,2026-04-19 13:29:41.703,2026-04-19 16:55:41.703,2026-04-19,13,2026-04-19,16,206.0,3.433333333333333,0,0
430,AI003,1,Air India,4,20260419,BLR,HYD,BLR → HYD,2026-04-19 13:27:41.701,2026-04-19 16:55:41.701,2026-04-19,13,2026-04-19,16,208.0,3.466666666666667,0,0
431,6E041,2,IndiGo,27,20260419,MAA,BOM,MAA → BOM,2026-04-19 13:19:41.701,2026-04-19 16:48:41.701,2026-04-19,13,2026-04-19,16,209.0,3.4833333333333334,0,0
432,6E175,2,IndiGo,28,20260419,MAA,CCU,MAA → CCU,2026-04-19 13:18:41.703,2026-04-19 15:13:41.703,2026-04-19,13,2026-04-19,15,115.0,1.9166666666666667,0,0
433,6E013,2,IndiGo,7,20260419,BOM,CCU,BOM → CCU,2026-04-19 13:15:41.701,2026-04-19 18:05:41.701,2026-04-19,13,2026-04-19,18,290.0,4.833333333333333,0,0
434,SJ040,3,SpiceJet,7,20260419,BOM,CCU,BOM → CCU,2026-04-19 13:12:41.701,2026-04-19 16:44:41.701,2026-04-19,13,2026-04-19,16,212.0,3.533333333333333,0,0
435,SJ016,3,SpiceJet,23,20260419,HYD,CCU,HYD → CCU,2026-04-19 13:01:41.701,2026-04-19 16:26:41.701,2026-04-19,13,2026-04-19,16,205.0,3.4166666666666665,0,0
436,6E135,2,IndiGo,30,20260419,MAA,HYD,MAA → HYD,2026-04-19 12:59:41.702,2026-04-19 13:45:41.702,2026-04-19,12,2026-04-19,13,46.0,0.7666666666666667,0,0
437,6E150,2,IndiGo,25,20260419,HYD,MAA,HYD → MAA,2026-04-19 12:55:41.703,2026-04-19 16:53:41.703,2026-04-19,12,2026-04-19,16,238.0,3.966666666666667,0,0
438,AI083,1,Air India,17,20260419,DEL,BOM,DEL → BOM,2026-04-19 12:54:41.702,2026-04-19 13:37:41.702,2026-04-19,12,2026-04-19,13,43.0,0.7166666666666667,0,0
439,SJ166,3,SpiceJet,14,20260419,CCU,HYD,CCU → HYD,2026-04-19 12:51:41.703,2026-04-19 16:18:41.703,2026-04-19,12,2026-04-19,16,207.0,3.45,0,0
440,SJ027,3,SpiceJet,10,20260419,BOM,MAA,BOM → MAA,2026-04-19 12:50:41.701,2026-04-19 17:13:41.701,2026-04-19,12,2026-04-19,17,263.0,4.383333333333334,0,0
441,6E134,2,IndiGo,5,20260419,BLR,MAA,BLR → MAA,2026-04-19 12:47:41.702,2026-04-19 14:06:41.702,2026-04-19,12,2026-04-19,14,79.0,1.3166666666666667,0,0
442,UK225,4,Vistara,26,20260419,MAA,BLR,MAA → BLR,2026-04-19 12:46:41.704,2026-04-19 15:02:41.704,2026-04-19,12,2026-04-19,15,136.0,2.2666666666666666,0,0
443,SJ175,3,SpiceJet,26,20260419,MAA,BLR,MAA → BLR,2026-04-19 12:46:41.703,2026-04-19 16:50:41.703,2026-04-19,12,2026-04-19,16,244.0,4.066666666666666,0,0
444,AI182,1,Air India,24,20260419,HYD,DEL,HYD → DEL,2026-04-19 12:41:41.703,2026-04-19 17:14:41.703,2026-04-19,12,2026-04-19,17,273.0,4.55,0,0
445,AI190,1,Air India,7,20260419,BOM,CCU,BOM → CCU,2026-04-19 12:38:41.703,2026-04-19 15:56:41.703,2026-04-19,12,2026-04-19,15,198.0,3.3,0,0
446,AI120,1,Air India,28,20260419,MAA,CCU,MAA → CCU,2026-04-19 12:12:41.702,2026-04-19 14:18:41.702,2026-04-19,12,2026-04-19,14,126.0,2.1,0,0
447,6E132,2,IndiGo,27,20260419,MAA,BOM,MAA → BOM,2026-04-19 12:00:41.702,2026-04-19 13:00:42.000,2026-04-19,12,2026-04-19,13,60.00496666666666,1.0000827777777777,0,0
448,UK102,4,Vistara,23,20260419,HYD,CCU,HYD → CCU,2026-04-19 11:58:41.702,2026-04-19 14:01:41.702,2026-04-19,11,2026-04-19,14,123.0,2.05,0,0
449,AI045,1,Air India,25,20260419,HYD,MAA,HYD → MAA,2026-04-19 11:58:41.701,2026-04-19 14:37:41.701,2026-04-19,11,2026-04-19,14,159.0,2.65,0,0
450,UK136,4,Vistara,23,20260419,HYD,CCU,HYD → CCU,2026-04-19 11:43:41.703,2026-04-19 15:26:41.703,2026-04-19,11,2026-04-19,15,223.0,3.716666666666667,0,0
451,SJ238,3,SpiceJet,26,20260419,MAA,BLR,MAA → BLR,2026-04-19 11:41:41.704,2026-04-19 15:39:41.704,2026-04-19,11,2026-04-19,15,238.0,3.966666666666667,0,0
452,AI193,1,Air India,30,20260419,MAA,HYD,MAA → HYD,2026-04-19 11:33:41.703,2026-04-19 16:07:41.703,2026-04-19,11,2026-04-19,16,274.0,4.566666666666666,0,0
453,6E001,2,IndiGo,22,20260419,HYD,BOM,HYD → BOM,2026-04-19 11:33:41.700,2026-04-19 13:08:41.700,2026-04-19,11,2026-04-19,13,95.0,1.5833333333333333,0,0
454,6E211,2,IndiGo,26,20260419,MAA,BLR,MAA → BLR,2026-04-19 11:29:41.703,2026-04-19 16:20:41.703,2026-04-19,11,2026-04-19,16,291.0,4.85,0,0
455,SJ199,3,SpiceJet,22,20260419,HYD,BOM,HYD → BOM,2026-04-19 11:29:41.703,2026-04-19 13:59:41.703,2026-04-19,11,2026-04-19,13,150.0,2.5,0,0
456,SJ050,3,SpiceJet,23,20260419,HYD,CCU,HYD → CCU,2026-04-19 11:24:41.701,2026-04-19 12:03:41.701,2026-04-19,11,2026-04-19,12,39.0,0.65,0,0
457,UK115,4,Vistara,1,20260419,BLR,BOM,BLR → BOM,2026-04-19 11:20:41.702,2026-04-19 13:20:42.000,2026-04-19,11,2026-04-19,13,120.00496666666666,2.0000827777777777,0,0
458,AI037,1,Air India,6,20260419,BOM,BLR,BOM → BLR,2026-04-19 11:14:41.701,2026-04-19 15:13:41.701,2026-04-19,11,2026-04-19,15,239.0,3.9833333333333334,0,0
459,6E235,2,IndiGo,25,20260419,HYD,MAA,HYD → MAA,2026-04-19 11:06:41.704,2026-04-19 13:51:41.704,2026-04-19,11,2026-04-19,13,165.0,2.75,0,0
460,UK111,4,Vistara,26,20260419,MAA,BLR,MAA → BLR,2026-04-19 11:06:41.702,2026-04-19 12:20:41.702,2026-04-19,11,2026-04-19,12,74.0,1.2333333333333334,0,0
461,6E005,2,IndiGo,10,20260419,BOM,MAA,BOM → MAA,2026-04-19 11:04:41.701,2026-04-19 15:27:41.701,2026-04-19,11,2026-04-19,15,263.0,4.383333333333334,0,0
462,AI198,1,Air India,15,20260419,CCU,MAA,CCU → MAA,2026-04-19 10:56:41.703,2026-04-19 14:19:41.703,2026-04-19,10,2026-04-19,14,203.0,3.3833333333333333,0,0
463,UK184,4,Vistara,30,20260419,MAA,HYD,MAA → HYD,2026-04-19 10:49:41.703,2026-04-19 13:00:41.703,2026-04-19,10,2026-04-19,13,131.0,2.183333333333333,0,0
464,6E219,2,IndiGo,29,20260419,MAA,DEL,MAA → DEL,2026-04-19 10:32:41.704,2026-04-19 14:37:41.704,2026-04-19,10,2026-04-19,14,245.0,4.083333333333333,0,0
465,UK066,4,Vistara,7,20260419,BOM,CCU,BOM → CCU,2026-04-19 10:29:41.701,2026-04-19 12:07:41.701,2026-04-19,10,2026-04-19,12,98.0,1.6333333333333333,0,0
466,6E220,2,IndiGo,22,20260419,HYD,BOM,HYD → BOM,2026-04-19 10:27:41.704,2026-04-19 11:25:41.704,2026-04-19,10,2026-04-19,11,58.0,0.9666666666666667,0,0
467,AI180,1,Air India,7,20260419,BOM,CCU,BOM → CCU,2026-04-19 10:19:41.703,2026-04-19 11:00:41.703,2026-04-19,10,2026-04-19,11,41.0,0.6833333333333333,0,0
468,6E098,2,IndiGo,5,20260419,BLR,MAA,BLR → MAA,2026-04-19 10:18:41.702,2026-04-19 12:49:41.702,2026-04-19,10,2026-04-19,12,151.0,2.5166666666666666,0,0
469,AI141,1,Air India,3,20260419,BLR,DEL,BLR → DEL,2026-04-19 10:16:41.702,2026-04-19 14:53:41.702,2026-04-19,10,2026-04-19,14,277.0,4.616666666666666,0,0
470,SJ170,3,SpiceJet,1,20260419,BLR,BOM,BLR → BOM,2026-04-19 10:11:41.703,2026-04-19 11:56:41.703,2026-04-19,10,2026-04-19,11,105.0,1.75,0,0
471,SJ178,3,SpiceJet,9,20260419,BOM,HYD,BOM → HYD,2026-04-19 09:58:41.703,2026-04-19 12:27:41.703,2026-04-19,9,2026-04-19,12,149.0,2.4833333333333334,0,0
472,6E172,2,IndiGo,6,20260419,BOM,BLR,BOM → BLR,2026-04-19 09:53:41.703,2026-04-19 14:46:41.703,2026-04-19,9,2026-04-19,14,293.0,4.883333333333334,0,0
473,UK220,4,Vistara,1,20260419,BLR,BOM,BLR → BOM,2026-04-19 09:51:41.704,2026-04-19 13:25:41.704,2026-04-19,9,2026-04-19,13,214.0,3.566666666666667,0,0
474,SJ148,3,SpiceJet,16,20260419,DEL,BLR,DEL → BLR,2026-04-19 09:51:41.702,2026-04-19 13:41:41.702,2026-04-19,9,2026-04-19,13,230.0,3.8333333333333335,0,0
475,UK065,4,Vistara,7,20260419,BOM,CCU,BOM → CCU,2026-04-19 09:38:41.701,2026-04-19 13:46:41.701,2026-04-19,9,2026-04-19,13,248.0,4.133333333333334,0,0
476,6E243,2,IndiGo,9,20260419,BOM,HYD,BOM → HYD,2026-04-19 09:37:41.704,2026-04-19 10:33:41.704,2026-04-19,9,2026-04-19,10,56.0,0.9333333333333333,0,0
477,SJ193,3,SpiceJet,13,20260419,CCU,DEL,CCU → DEL,2026-04-19 09:37:41.703,2026-04-19 12:16:41.703,2026-04-19,9,2026-04-19,12,159.0,2.65,0,0
478,UK056,4,Vistara,25,20260419,HYD,MAA,HYD → MAA,2026-04-19 09:29:41.701,2026-04-19 10:15:41.701,2026-04-19,9,2026-04-19,10,46.0,0.7666666666666667,0,0
479,AI219,1,Air India,3,20260419,BLR,DEL,BLR → DEL,2026-04-19 09:28:41.703,2026-04-19 11:27:41.703,2026-04-19,9,2026-04-19,11,119.0,1.9833333333333334,0,0
480,SJ073,3,SpiceJet,11,20260419,CCU,BLR,CCU → BLR,2026-04-19 09:26:41.701,2026-04-19 11:14:41.701,2026-04-19,9,2026-04-19,11,108.0,1.8,0,0
481,6E052,2,IndiGo,7,20260419,BOM,CCU,BOM → CCU,2026-04-19 09:13:41.701,2026-04-19 12:02:41.701,2026-04-19,9,2026-04-19,12,169.0,2.816666666666667,0,0
482,SJ201,3,SpiceJet,3,20260419,BLR,DEL,BLR → DEL,2026-04-19 09:10:41.703,2026-04-19 11:12:41.703,2026-04-19,9,2026-04-19,11,122.0,2.033333333333333,0,0
483,UK028,4,Vistara,25,20260419,HYD,MAA,HYD → MAA,2026-04-19 09:02:41.701,2026-04-19 10:37:41.701,2026-04-19,9,2026-04-19,10,95.0,1.5833333333333333,0,0
484,SJ119,3,SpiceJet,7,20260419,BOM,CCU,BOM → CCU,2026-04-19 08:53:41.702,2026-04-19 11:29:41.702,2026-04-19,8,2026-04-19,11,156.0,2.6,0,0
485,AI165,1,Air India,18,20260419,DEL,CCU,DEL → CCU,2026-04-19 08:51:41.703,2026-04-19 10:31:41.703,2026-04-19,8,2026-04-19,10,100.0,1.6666666666666667,0,0
486,AI255,1,Air India,28,20260419,MAA,CCU,MAA → CCU,2026-04-19 08:45:41.704,2026-04-19 13:12:41.704,2026-04-19,8,2026-04-19,13,267.0,4.45,0,0
487,AI202,1,Air India,21,20260419,HYD,BLR,HYD → BLR,2026-04-19 08:44:41.703,2026-04-19 10:53:41.703,2026-04-19,8,2026-04-19,10,129.0,2.15,0,0
488,SJ039,3,SpiceJet,27,20260419,MAA,BOM,MAA → BOM,2026-04-19 08:41:41.701,2026-04-19 12:08:41.701,2026-04-19,8,2026-04-19,12,207.0,3.45,0,0
489,SJ051,3,SpiceJet,6,20260419,BOM,BLR,BOM → BLR,2026-04-19 08:40:41.701,2026-04-19 12:18:41.701,2026-04-19,8,2026-04-19,12,218.0,3.6333333333333333,0,0
490,UK024,4,Vistara,26,20260419,MAA,BLR,MAA → BLR,2026-04-19 08:29:41.701,2026-04-19 13:29:41.701,2026-04-19,8,2026-04-19,13,300.0,5.0,0,0
491,SJ006,3,SpiceJet,21,20260419,HYD,BLR,HYD → BLR,2026-04-19 08:25:41.701,2026-04-19 08:57:41.701,2026-04-19,8,2026-04-19,8,32.0,0.5333333333333333,0,0
492,AI207,1,Air India,10,20260419,BOM,MAA,BOM → MAA,2026-04-19 08:24:41.703,2026-04-19 11:23:41.703,2026-04-19,8,2026-04-19,11,179.0,2.9833333333333334,0,0
493,SJ168,3,SpiceJet,12,20260419,CCU,BOM,CCU → BOM,2026-04-19 08:17:41.703,2026-04-19 12:29:41.703,2026-04-19,8,2026-04-19,12,252.0,4.2,0,0
494,AI028,1,Air India,22,20260419,HYD,BOM,HYD → BOM,2026-04-19 07:53:41.701,2026-04-19 08:35:41.701,2026-04-19,7,2026-04-19,8,42.0,0.7,0,0
495,6E094,2,IndiGo,1,20260419,BLR,BOM,BLR → BOM,2026-04-19 07:37:41.702,2026-04-19 09:06:41.702,2026-04-19,7,2026-04-19,9,89.0,1.4833333333333334,0,0
496,6E024,2,IndiGo,8,20260419,BOM,DEL,BOM → DEL,2026-04-19 07:31:41.701,2026-04-19 11:17:41.701,2026-04-19,7,2026-04-19,11,226.0,3.7666666666666666,0,0
497,6E061,2,IndiGo,27,20260419,MAA,BOM,MAA → BOM,2026-04-19 07:28:41.701,2026-04-19 08:09:41.701,2026-04-19,7,2026-04-19,8,41.0,0.6833333333333333,0,0
498,AI032,1,Air India,26,20260419,MAA,BLR,MAA → BLR,2026-04-19 07:26:41.701,2026-04-19 09:26:42.000,2026-04-19,7,2026-04-19,9,120.00498333333333,2.0000830555555553,0,0
499,UK163,4,Vistara,19,20260419,DEL,HYD,DEL → HYD,2026-04-19 07:22:41.703,2026-04-19 09:04:41.703,2026-04-19,7,2026-04-19,9,102.0,1.7,0,0
500,SJ067,3,SpiceJet,26,20260419,MAA,BLR,MAA → BLR,2026-04-19 07:17:41.701,2026-04-19 08:16:41.701,2026-04-19,7,2026-04-19,8,59.0,0.9833333333333333,0,0
501,SJ106,3,SpiceJet,13,20260419,CCU,DEL,CCU → DEL,2026-04-19 07:16:41.702,2026-04-19 09:40:41.702,2026-04-19,7,2026-04-19,9,144.0,2.4,0,0
502,AI086,1,Air India,14,20260419,CCU,HYD,CCU → HYD,2026-04-19 07:13:41.702,2026-04-19 10:09:41.702,2026-04-19,7,2026-04-19,10,176.0,2.933333333333333,0,0
503,6E263,2,IndiGo,19,20260419,DEL,HYD,DEL → HYD,2026-04-19 07:07:41.703,2026-04-19 08:30:41.703,2026-04-19,7,2026-04-19,8,83.0,1.3833333333333333,0,0
504,6E163,2,IndiGo,27,20260419,MAA,BOM,MAA → BOM,2026-04-19 06:49:41.703,2026-04-19 10:46:41.703,2026-04-19,6,2026-04-19,10,237.0,3.95,0,0
505,SJ064,3,SpiceJet,13,20260419,CCU,DEL,CCU → DEL,2026-04-19 06:29:41.701,2026-04-19 08:43:41.701,2026-04-19,6,2026-04-19,8,134.0,2.2333333333333334,0,0
506,UK118,4,Vistara,21,20260419,HYD,BLR,HYD → BLR,2026-04-19 06:22:41.702,2026-04-19 07:22:42.000,2026-04-19,6,2026-04-19,7,60.00496666666666,1.0000827777777777,0,0
507,UK022,4,Vistara,19,20260419,DEL,HYD,DEL → HYD,2026-04-19 06:22:41.701,2026-04-19 10:59:41.701,2026-04-19,6,2026-04-19,10,277.0,4.616666666666666,0,0
508,UK099,4,Vistara,10,20260419,BOM,MAA,BOM → MAA,2026-04-19 06:16:41.702,2026-04-19 10:24:41.702,2026-04-19,6,2026-04-19,10,248.0,4.133333333333334,0,0
509,6E212,2,IndiGo,2,20260419,BLR,CCU,BLR → CCU,2026-04-19 06:10:41.703,2026-04-19 10:52:41.703,2026-04-19,6,2026-04-19,10,282.0,4.7,0,0
510,AI023,1,Air India,21,20260419,HYD,BLR,HYD → BLR,2026-04-19 06:10:41.701,2026-04-19 09:35:41.701,2026-04-19,6,2026-04-19,9,205.0,3.4166666666666665,0,0
511,SJ245,3,SpiceJet,8,20260419,BOM,DEL,BOM → DEL,2026-04-19 06:07:41.704,2026-04-19 09:39:41.704,2026-04-19,6,2026-04-19,9,212.0,3.533333333333333,0,0
512,6E066,2,IndiGo,4,20260419,BLR,HYD,BLR → HYD,2026-04-19 06:07:41.701,2026-04-19 07:43:41.701,2026-04-19,6,2026-04-19,7,96.0,1.6,0,0
513,AI138,1,Air India,18,20260419,DEL,CCU,DEL → CCU,2026-04-19 05:50:41.702,2026-04-19 06:40:41.702,2026-04-19,5,2026-04-19,6,50.0,0.8333333333333334,0,0
514,SJ021,3,SpiceJet,21,20260419,HYD,BLR,HYD → BLR,2026-04-19 05:48:41.701,2026-04-19 09:46:41.701,2026-04-19,5,2026-04-19,9,238.0,3.966666666666667,0,0
515,SJ136,3,SpiceJet,21,20260419,HYD,BLR,HYD → BLR,2026-04-19 05:45:41.702,2026-04-19 08:04:41.702,2026-04-19,5,2026-04-19,8,139.0,2.316666666666667,0,0
516,AI148,1,Air India,25,20260419,HYD,MAA,HYD → MAA,2026-04-19 05:41:41.703,2026-04-19 08:32:41.703,2026-04-19,5,2026-04-19,8,171.0,2.85,0,0
517,SJ014,3,SpiceJet,9,20260419,BOM,HYD,BOM → HYD,2026-04-19 05:40:41.701,2026-04-19 06:39:41.701,2026-04-19,5,2026-04-19,6,59.0,0.9833333333333333,0,0
518,6E104,2,IndiGo,12,20260419,CCU,BOM,CCU → BOM,2026-04-19 05:39:41.702,2026-04-19 06:14:41.702,2026-04-19,5,2026-04-19,6,35.0,0.5833333333333334,0,0
519,SJ121,3,SpiceJet,13,20260419,CCU,DEL,CCU → DEL,2026-04-19 05:32:41.702,2026-04-19 06:47:41.702,2026-04-19,5,2026-04-19,6,75.0,1.25,0,0
520,UK174,4,Vistara,13,20260419,CCU,DEL,CCU → DEL,2026-04-19 05:27:41.703,2026-04-19 07:47:41.703,2026-04-19,5,2026-04-19,7,140.0,2.3333333333333335,0,0
521,AI033,1,Air India,28,20260419,MAA,CCU,MAA → CCU,2026-04-19 05:25:41.701,2026-04-19 10:21:41.701,2026-04-19,5,2026-04-19,10,296.0,4.933333333333334,0,0
522,SJ122,3,SpiceJet,12,20260419,CCU,BOM,CCU → BOM,2026-04-19 05:22:41.702,2026-04-19 10:09:41.702,2026-04-19,5,2026-04-19,10,287.0,4.783333333333333,0,0
523,UK095,4,Vistara,10,20260419,BOM,MAA,BOM → MAA,2026-04-19 05:22:41.702,2026-04-19 07:36:41.702,2026-04-19,5,2026-04-19,7,134.0,2.2333333333333334,0,0
524,SJ026,3,SpiceJet,15,20260419,CCU,MAA,CCU → MAA,2026-04-19 05:22:41.701,2026-04-19 09:40:41.701,2026-04-19,5,2026-04-19,9,258.0,4.3,0,0
525,6E221,2,IndiGo,29,20260419,MAA,DEL,MAA → DEL,2026-04-19 05:20:41.704,2026-04-19 08:52:41.704,2026-04-19,5,2026-04-19,8,212.0,3.533333333333333,0,0
526,SJ103,3,SpiceJet,26,20260419,MAA,BLR,MAA → BLR,2026-04-19 05:16:41.702,2026-04-19 08:56:41.702,2026-04-19,5,2026-04-19,8,220.0,3.6666666666666665,0,0
527,SJ011,3,SpiceJet,10,20260419,BOM,MAA,BOM → MAA,2026-04-19 05:14:41.701,2026-04-19 09:59:41.701,2026-04-19,5,2026-04-19,9,285.0,4.75,0,0
528,AI002,1,Air India,21,20260419,HYD,BLR,HYD → BLR,2026-04-19 05:12:41.700,2026-04-19 07:12:41.700,2026-04-19,5,2026-04-19,7,120.0,2.0,0,0
529,AI046,1,Air India,17,20260419,DEL,BOM,DEL → BOM,2026-04-19 05:09:41.701,2026-04-19 08:00:41.701,2026-04-19,5,2026-04-19,8,171.0,2.85,0,0
530,SJ053,3,SpiceJet,13,20260419,CCU,DEL,CCU → DEL,2026-04-19 05:00:41.701,2026-04-19 06:38:41.701,2026-04-19,5,2026-04-19,6,98.0,1.6333333333333333,0,0
531,AI236,1,Air India,17,20260419,DEL,BOM,DEL → BOM,2026-04-19 04:52:41.704,2026-04-19 09:11:41.704,2026-04-19,4,2026-04-19,9,259.0,4.316666666666666,0,0
532,AI254,1,Air India,14,20260419,CCU,HYD,CCU → HYD,2026-04-19 04:46:41.704,2026-04-19 08:06:41.704,2026-04-19,4,2026-04-19,8,200.0,3.3333333333333335,0,0
533,6E063,2,IndiGo,19,20260419,DEL,HYD,DEL → HYD,2026-04-19 04:42:41.701,2026-04-19 07:31:41.701,2026-04-19,4,2026-04-19,7,169.0,2.816666666666667,0,0
534,6E115,2,IndiGo,26,20260419,MAA,BLR,MAA → BLR,2026-04-19 04:41:41.702,2026-04-19 06:23:41.702,2026-04-19,4,2026-04-19,6,102.0,1.7,0,0
535,UK070,4,Vistara,8,20260419,BOM,DEL,BOM → DEL,2026-04-19 04:36:41.701,2026-04-19 06:49:41.701,2026-04-19,4,2026-04-19,6,133.0,2.216666666666667,0,0
536,SJ147,3,SpiceJet,2,20260419,BLR,CCU,BLR → CCU,2026-04-19 04:30:41.702,2026-04-19 08:52:41.702,2026-04-19,4,2026-04-19,8,262.0,4.366666666666666,0,0
537,UK201,4,Vistara,22,20260419,HYD,BOM,HYD → BOM,2026-04-19 04:29:41.703,2026-04-19 06:42:41.703,2026-04-19,4,2026-04-19,6,133.0,2.216666666666667,0,0
538,SJ234,3,SpiceJet,2,20260419,BLR,CCU,BLR → CCU,2026-04-19 04:20:41.704,2026-04-19 06:23:41.704,2026-04-19,4,2026-04-19,6,123.0,2.05,0,0
539,AI176,1,Air India,3,20260419,BLR,DEL,BLR → DEL,2026-04-19 04:20:41.703,2026-04-19 06:25:41.703,2026-04-19,4,2026-04-19,6,125.0,2.0833333333333335,0,0
540,SJ045,3,SpiceJet,20,20260419,DEL,MAA,DEL → MAA,2026-04-19 04:16:41.701,2026-04-19 09:03:41.701,2026-04-19,4,2026-04-19,9,287.0,4.783333333333333,0,0
541,SJ174,3,SpiceJet,13,20260419,CCU,DEL,CCU → DEL,2026-04-19 04:09:41.703,2026-04-19 05:04:41.703,2026-04-19,4,2026-04-19,5,55.0,0.9166666666666666,0,0
542,AI007,1,Air India,29,20260419,MAA,DEL,MAA → DEL,2026-04-19 04:01:41.701,2026-04-19 06:01:42.000,2026-04-19,4,2026-04-19,6,120.00498333333333,2.0000830555555553,0,0
543,AI143,1,Air India,13,20260419,CCU,DEL,CCU → DEL,2026-04-19 03:58:41.702,2026-04-19 04:36:41.702,2026-04-19,3,2026-04-19,4,38.0,0.6333333333333333,0,0
544,SJ241,3,SpiceJet,19,20260419,DEL,HYD,DEL → HYD,2026-04-19 03:57:41.704,2026-04-19 06:36:41.704,2026-04-19,3,2026-04-19,6,159.0,2.65,0,0
545,AI020,1,Air India,6,20260419,BOM,BLR,BOM → BLR,2026-04-19 03:53:41.701,2026-04-19 06:21:41.701,2026-04-19,3,2026-04-19,6,148.0,2.466666666666667,0,0
546,UK031,4,Vistara,13,20260419,CCU,DEL,CCU → DEL,2026-04-19 03:45:41.701,2026-04-19 07:20:41.701,2026-04-19,3,2026-04-19,7,215.0,3.5833333333333335,0,0
547,AI013,1,Air India,21,20260419,HYD,BLR,HYD → BLR,2026-04-19 03:41:41.701,2026-04-19 04:58:41.701,2026-04-19,3,2026-04-19,4,77.0,1.2833333333333334,0,0
548,AI249,1,Air India,4,20260419,BLR,HYD,BLR → HYD,2026-04-19 03:38:41.704,2026-04-19 06:27:41.704,2026-04-19,3,2026-04-19,6,169.0,2.816666666666667,0,0
549,UK046,4,Vistara,13,20260419,CCU,DEL,CCU → DEL,2026-04-19 03:37:41.701,2026-04-19 06:05:41.701,2026-04-19,3,2026-04-19,6,148.0,2.466666666666667,0,0
550,UK168,4,Vistara,2,20260419,BLR,CCU,BLR → CCU,2026-04-19 03:20:41.703,2026-04-19 04:09:41.703,2026-04-19,3,2026-04-19,4,49.0,0.8166666666666667,0,0
551,AI022,1,Air India,10,20260419,BOM,MAA,BOM → MAA,2026-04-19 03:15:41.701,2026-04-19 05:10:41.701,2026-04-19,3,2026-04-19,5,115.0,1.9166666666666667,0,0
552,UK218,4,Vistara,26,20260419,MAA,BLR,MAA → BLR,2026-04-19 03:12:41.704,2026-04-19 07:22:41.704,2026-04-19,3,2026-04-19,7,250.0,4.166666666666667,0,0
553,UK142,4,Vistara,3,20260419,BLR,DEL,BLR → DEL,2026-04-19 03:03:41.703,2026-04-19 07:13:41.703,2026-04-19,3,2026-04-19,7,250.0,4.166666666666667,0,0
554,6E067,2,IndiGo,26,20260419,MAA,BLR,MAA → BLR,2026-04-19 02:59:41.701,2026-04-19 06:02:41.701,2026-04-19,2,2026-04-19,6,183.0,3.05,0,0
555,SJ217,3,SpiceJet,7,20260419,BOM,CCU,BOM → CCU,2026-04-19 02:57:41.703,2026-04-19 06:04:41.703,2026-04-19,2,2026-04-19,6,187.0,3.1166666666666667,0,0
556,SJ143,3,SpiceJet,17,20260419,DEL,BOM,DEL → BOM,2026-04-19 02:55:41.702,2026-04-19 03:52:41.702,2026-04-19,2,2026-04-19,3,57.0,0.95,0,0
557,AI243,1,Air India,1,20260419,BLR,BOM,BLR → BOM,2026-04-19 02:50:41.704,2026-04-19 05:09:41.704,2026-04-19,2,2026-04-19,5,139.0,2.316666666666667,0,0
558,SJ246,3,SpiceJet,8,20260419,BOM,DEL,BOM → DEL,2026-04-19 02:47:41.704,2026-04-19 03:47:42.000,2026-04-19,2,2026-04-19,3,60.004933333333334,1.0000822222222223,0,0
559,6E170,2,IndiGo,24,20260419,HYD,DEL,HYD → DEL,2026-04-19 02:44:41.703,2026-04-19 04:14:41.703,2026-04-19,2,2026-04-19,4,90.0,1.5,0,0
560,UK157,4,Vistara,12,20260419,CCU,BOM,CCU → BOM,2026-04-19 02:41:41.703,2026-04-19 03:41:42.000,2026-04-19,2,2026-04-19,3,60.00495,1.0000825,0,0
561,UK172,4,Vistara,17,20260419,DEL,BOM,DEL → BOM,2026-04-19 02:20:41.703,2026-04-19 05:21:41.703,2026-04-19,2,2026-04-19,5,181.0,3.0166666666666666,0,0
562,SJ139,3,SpiceJet,16,20260419,DEL,BLR,DEL → BLR,2026-04-19 02:20:41.702,2026-04-19 06:02:41.702,2026-04-19,2,2026-04-19,6,222.0,3.7,0,0
563,UK085,4,Vistara,29,20260419,MAA,DEL,MAA → DEL,2026-04-19 02:15:41.702,2026-04-19 03:17:41.702,2026-04-19,2,2026-04-19,3,62.0,1.0333333333333334,0,0
564,6E079,2,IndiGo,30,20260419,MAA,HYD,MAA → HYD,2026-04-19 02:14:41.702,2026-04-19 06:18:41.702,2026-04-19,2,2026-04-19,6,244.0,4.066666666666666,0,0
565,SJ032,3,SpiceJet,27,20260419,MAA,BOM,MAA → BOM,2026-04-19 02:11:41.701,2026-04-19 04:33:41.701,2026-04-19,2,2026-04-19,4,142.0,2.3666666666666667,0,0
566,6E182,2,IndiGo,7,20260419,BOM,CCU,BOM → CCU,2026-04-19 02:10:41.703,2026-04-19 04:18:41.703,2026-04-19,2,2026-04-19,4,128.0,2.1333333333333333,0,0
567,AI106,1,Air India,21,20260419,HYD,BLR,HYD → BLR,2026-04-19 02:07:41.702,2026-04-19 03:20:41.702,2026-04-19,2,2026-04-19,3,73.0,1.2166666666666666,0,0
568,AI200,1,Air India,25,20260419,HYD,MAA,HYD → MAA,2026-04-19 02:05:41.703,2026-04-19 05:29:41.703,2026-04-19,2,2026-04-19,5,204.0,3.4,0,0
569,6E142,2,IndiGo,15,20260419,CCU,MAA,CCU → MAA,2026-04-19 02:05:41.702,2026-04-19 06:04:41.702,2026-04-19,2,2026-04-19,6,239.0,3.9833333333333334,0,0
570,SJ079,3,SpiceJet,24,20260419,HYD,DEL,HYD → DEL,2026-04-19 01:58:41.702,2026-04-19 05:02:41.702,2026-04-19,1,2026-04-19,5,184.0,3.066666666666667,0,0
571,SJ082,3,SpiceJet,8,20260419,BOM,DEL,BOM → DEL,2026-04-19 01:54:41.702,2026-04-19 02:33:41.702,2026-04-19,1,2026-04-19,2,39.0,0.65,0,0
572,SJ110,3,SpiceJet,13,20260419,CCU,DEL,CCU → DEL,2026-04-19 01:47:41.702,2026-04-19 02:20:41.702,2026-04-19,1,2026-04-19,2,33.0,0.55,0,0
573,6E262,2,IndiGo,29,20260419,MAA,DEL,MAA → DEL,2026-04-19 01:44:41.702,2026-04-19 02:47:41.702,2026-04-19,1,2026-04-19,2,63.0,1.05,0,0
574,UK143,4,Vistara,1,20260419,BLR,BOM,BLR → BOM,2026-04-19 01:34:41.703,2026-04-19 02:48:41.703,2026-04-19,1,2026-04-19,2,74.0,1.2333333333333334,0,0
575,6E269,2,IndiGo,25,20260419,HYD,MAA,HYD → MAA,2026-04-19 01:30:41.702,2026-04-19 02:52:41.702,2026-04-19,1,2026-04-19,2,82.0,1.3666666666666667,0,0
576,6E214,2,IndiGo,7,20260419,BOM,CCU,BOM → CCU,2026-04-19 01:21:41.703,2026-04-19 05:20:41.703,2026-04-19,1,2026-04-19,5,239.0,3.9833333333333334,0,0
577,SJ213,3,SpiceJet,7,20260419,BOM,CCU,BOM → CCU,2026-04-19 01:19:41.703,2026-04-19 04:48:41.703,2026-04-19,1,2026-04-19,4,209.0,3.4833333333333334,0,0
578,SJ072,3,SpiceJet,19,20260419,DEL,HYD,DEL → HYD,2026-04-19 01:18:41.701,2026-04-19 04:08:41.701,2026-04-19,1,2026-04-19,4,170.0,2.8333333333333335,0,0
579,6E059,2,IndiGo,8,20260419,BOM,DEL,BOM → DEL,2026-04-19 01:12:41.701,2026-04-19 06:02:41.701,2026-04-19,1,2026-04-19,6,290.0,4.833333333333333,0,0
580,UK202,4,Vistara,19,20260419,DEL,HYD,DEL → HYD,2026-04-19 01:11:41.703,2026-04-19 05:37:41.703,2026-04-19,1,2026-04-19,5,266.0,4.433333333333334,0,0
581,UK037,4,Vistara,1,20260419,BLR,BOM,BLR → BOM,2026-04-19 01:10:41.701,2026-04-19 05:12:41.701,2026-04-19,1,2026-04-19,5,242.0,4.033333333333333,0,0
582,UK069,4,Vistara,13,20260419,CCU,DEL,CCU → DEL,2026-04-19 01:10:41.701,2026-04-19 03:23:41.701,2026-04-19,1,2026-04-19,3,133.0,2.216666666666667,0,0
583,SJ118,3,SpiceJet,17,20260419,DEL,BOM,DEL → BOM,2026-04-19 01:08:41.702,2026-04-19 02:33:41.702,2026-04-19,1,2026-04-19,2,85.0,1.4166666666666667,0,0
584,6E145,2,IndiGo,13,20260419,CCU,DEL,CCU → DEL,2026-04-19 01:02:41.703,2026-04-19 02:18:41.703,2026-04-19,1,2026-04-19,2,76.0,1.2666666666666666,0,0
585,UK097,4,Vistara,22,20260419,HYD,BOM,HYD → BOM,2026-04-19 00:49:41.702,2026-04-19 05:00:41.702,2026-04-19,0,2026-04-19,5,251.0,4.183333333333334,0,0
586,6E117,2,IndiGo,13,20260419,CCU,DEL,CCU → DEL,2026-04-19 00:46:41.702,2026-04-19 01:51:41.702,2026-04-19,0,2026-04-19,1,65.0,1.0833333333333333,0,0
587,6E226,2,IndiGo,17,20260419,DEL,BOM,DEL → BOM,2026-04-19 00:38:41.704,2026-04-19 02:55:41.704,2026-04-19,0,2026-04-19,2,137.0,2.283333333333333,0,0
588,6E050,2,IndiGo,17,20260419,DEL,BOM,DEL → BOM,2026-04-19 00:35:41.701,2026-04-19 04:32:41.701,2026-04-19,0,2026-04-19,4,237.0,3.95,0,0
589,UK196,4,Vistara,9,20260419,BOM,HYD,BOM → HYD,2026-04-19 00:32:41.703,2026-04-19 04:49:41.703,2026-04-19,0,2026-04-19,4,257.0,4.283333333333333,0,0
590,SJ086,3,SpiceJet,13,20260419,CCU,DEL,CCU → DEL,2026-04-19 00:32:41.702,2026-04-19 04:17:41.702,2026-04-19,0,2026-04-19,4,225.0,3.75,0,0
591,AI134,1,Air India,22,20260419,HYD,BOM,HYD → BOM,2026-04-19 00:28:41.702,2026-04-19 04:23:41.702,2026-04-19,0,2026-04-19,4,235.0,3.9166666666666665,0,0
592,AI043,1,Air India,13,20260419,CCU,DEL,CCU → DEL,2026-04-19 00:28:41.701,2026-04-19 04:37:41.701,2026-04-19,0,2026-04-19,4,249.0,4.15,0,0
593,UK119,4,Vistara,7,20260419,BOM,CCU,BOM → CCU,2026-04-19 00:21:41.702,2026-04-19 04:38:41.702,2026-04-19,0,2026-04-19,4,257.0,4.283333333333333,0,0
594,SJ181,3,SpiceJet,6,20260419,BOM,BLR,BOM → BLR,2026-04-19 00:20:41.703,2026-04-19 01:49:41.703,2026-04-19,0,2026-04-19,1,89.0,1.4833333333333334,0,0
595,AI070,1,Air India,13,20260419,CCU,DEL,CCU → DEL,2026-04-19 00:05:41.702,2026-04-19 01:44:41.702,2026-04-19,0,2026-04-19,1,99.0,1.65,0,0
596,6E233,2,IndiGo,1,20260418,BLR,BOM,BLR → BOM,2026-04-18 23:56:41.704,2026-04-19 03:53:41.704,2026-04-18,23,2026-04-19,3,237.0,3.95,0,0
597,UK013,4,Vistara,10,20260418,BOM,MAA,BOM → MAA,2026-04-18 23:52:41.701,2026-04-19 02:52:41.701,2026-04-18,23,2026-04-19,2,180.0,3.0,0,0
598,6E015,2,IndiGo,7,20260418,BOM,CCU,BOM → CCU,2026-04-18 23:39:41.701,2026-04-19 02:27:41.701,2026-04-18,23,2026-04-19,2,168.0,2.8,0,0
599,SJ247,3,SpiceJet,17,20260418,DEL,BOM,DEL → BOM,2026-04-18 23:38:41.704,2026-04-19 03:43:41.704,2026-04-18,23,2026-04-19,3,245.0,4.083333333333333,0,0
600,AI067,1,Air India,24,20260418,HYD,DEL,HYD → DEL,2026-04-18 23:36:41.701,2026-04-19 03:09:41.701,2026-04-18,23,2026-04-19,3,213.0,3.55,0,0
601,AI211,1,Air India,18,20260418,DEL,CCU,DEL → CCU,2026-04-18 23:34:41.703,2026-04-19 01:21:41.703,2026-04-18,23,2026-04-19,1,107.0,1.7833333333333334,0,0
602,UK029,4,Vistara,17,20260418,DEL,BOM,DEL → BOM,2026-04-18 23:26:41.701,2026-04-19 02:15:41.701,2026-04-18,23,2026-04-19,2,169.0,2.816666666666667,0,0
603,SJ200,3,SpiceJet,8,20260418,BOM,DEL,BOM → DEL,2026-04-18 23:24:41.703,2026-04-19 02:11:41.703,2026-04-18,23,2026-04-19,2,167.0,2.783333333333333,0,0
604,6E087,2,IndiGo,19,20260418,DEL,HYD,DEL → HYD,2026-04-18 23:24:41.702,2026-04-19 03:10:41.702,2026-04-18,23,2026-04-19,3,226.0,3.7666666666666666,0,0
605,SJ210,3,SpiceJet,23,20260418,HYD,CCU,HYD → CCU,2026-04-18 23:21:41.703,2026-04-19 02:54:41.703,2026-04-18,23,2026-04-19,2,213.0,3.55,0,0
606,AI101,1,Air India,16,20260418,DEL,BLR,DEL → BLR,2026-04-18 23:20:41.702,2026-04-19 02:23:41.702,2026-04-18,23,2026-04-19,2,183.0,3.05,0,0
607,UK075,4,Vistara,28,20260418,MAA,CCU,MAA → CCU,2026-04-18 23:15:41.702,2026-04-19 03:54:41.702,2026-04-18,23,2026-04-19,3,279.0,4.65,0,0
608,SJ091,3,SpiceJet,2,20260418,BLR,CCU,BLR → CCU,2026-04-18 23:10:41.702,2026-04-19 00:47:41.702,2026-04-18,23,2026-04-19,0,97.0,1.6166666666666667,0,0
609,AI251,1,Air India,29,20260418,MAA,DEL,MAA → DEL,2026-04-18 22:40:41.704,2026-04-18 23:24:41.704,2026-04-18,22,2026-04-18,23,44.0,0.7333333333333333,0,0
610,SJ042,3,SpiceJet,23,20260418,HYD,CCU,HYD → CCU,2026-04-18 22:38:41.701,2026-04-19 02:20:41.701,2026-04-18,22,2026-04-19,2,222.0,3.7,0,0
611,UK126,4,Vistara,13,20260418,CCU,DEL,CCU → DEL,2026-04-18 22:37:41.702,2026-04-19 00:03:41.702,2026-04-18,22,2026-04-19,0,86.0,1.4333333333333333,0,0
612,6E042,2,IndiGo,24,20260418,HYD,DEL,HYD → DEL,2026-04-18 22:35:41.701,2026-04-19 02:41:41.701,2026-04-18,22,2026-04-19,2,246.0,4.1,0,0
613,AI116,1,Air India,12,20260418,CCU,BOM,CCU → BOM,2026-04-18 22:30:41.702,2026-04-19 01:57:41.702,2026-04-18,22,2026-04-19,1,207.0,3.45,0,0
614,SJ209,3,SpiceJet,1,20260418,BLR,BOM,BLR → BOM,2026-04-18 22:22:41.703,2026-04-19 02:03:41.703,2026-04-18,22,2026-04-19,2,221.0,3.683333333333333,0,0
615,AI123,1,Air India,27,20260418,MAA,BOM,MAA → BOM,2026-04-18 22:19:41.702,2026-04-19 00:45:41.702,2026-04-18,22,2026-04-19,0,146.0,2.433333333333333,0,0
616,6E016,2,IndiGo,22,20260418,HYD,BOM,HYD → BOM,2026-04-18 22:18:41.701,2026-04-18 22:54:41.701,2026-04-18,22,2026-04-18,22,36.0,0.6,0,0
617,UK012,4,Vistara,27,20260418,MAA,BOM,MAA → BOM,2026-04-18 22:16:41.701,2026-04-19 00:25:41.701,2026-04-18,22,2026-04-19,0,129.0,2.15,0,0
618,SJ188,3,SpiceJet,1,20260418,BLR,BOM,BLR → BOM,2026-04-18 22:15:41.703,2026-04-18 22:55:41.703,2026-04-18,22,2026-04-18,22,40.0,0.6666666666666666,0,0
619,UK096,4,Vistara,4,20260418,BLR,HYD,BLR → HYD,2026-04-18 22:11:41.702,2026-04-19 00:06:41.702,2026-04-18,22,2026-04-19,0,115.0,1.9166666666666667,0,0
620,SJ046,3,SpiceJet,10,20260418,BOM,MAA,BOM → MAA,2026-04-18 22:01:41.701,2026-04-19 01:25:41.701,2026-04-18,22,2026-04-19,1,204.0,3.4,0,0
621,UK081,4,Vistara,3,20260418,BLR,DEL,BLR → DEL,2026-04-18 22:00:41.702,2026-04-18 23:00:41.702,2026-04-18,22,2026-04-18,23,60.0,1.0,0,0
622,UK191,4,Vistara,26,20260418,MAA,BLR,MAA → BLR,2026-04-18 21:51:41.703,2026-04-18 22:57:41.703,2026-04-18,21,2026-04-18,22,66.0,1.1,0,0
623,6E064,2,IndiGo,13,20260418,CCU,DEL,CCU → DEL,2026-04-18 21:45:41.701,2026-04-18 22:50:41.701,2026-04-18,21,2026-04-18,22,65.0,1.0833333333333333,0,0
624,AI005,1,Air India,18,20260418,DEL,CCU,DEL → CCU,2026-04-18 21:24:41.701,2026-04-18 22:11:41.701,2026-04-18,21,2026-04-18,22,47.0,0.7833333333333333,0,0
625,6E021,2,IndiGo,5,20260418,BLR,MAA,BLR → MAA,2026-04-18 21:23:41.701,2026-04-19 01:25:41.701,2026-04-18,21,2026-04-19,1,242.0,4.033333333333333,0,0
626,AI169,1,Air India,13,20260418,CCU,DEL,CCU → DEL,2026-04-18 21:21:41.703,2026-04-19 01:34:41.703,2026-04-18,21,2026-04-19,1,253.0,4.216666666666667,0,0
627,UK035,4,Vistara,22,20260418,HYD,BOM,HYD → BOM,2026-04-18 21:08:41.701,2026-04-18 22:24:41.701,2026-04-18,21,2026-04-18,22,76.0,1.2666666666666666,0,0
628,AI040,1,Air India,21,20260418,HYD,BLR,HYD → BLR,2026-04-18 21:01:41.701,2026-04-18 22:42:41.701,2026-04-18,21,2026-04-18,22,101.0,1.6833333333333333,0,0
629,UK042,4,Vistara,27,20260418,MAA,BOM,MAA → BOM,2026-04-18 20:59:41.701,2026-04-19 01:38:41.701,2026-04-18,20,2026-04-19,1,279.0,4.65,0,0
630,SJ171,3,SpiceJet,19,20260418,DEL,HYD,DEL → HYD,2026-04-18 20:52:41.703,2026-04-18 23:52:41.703,2026-04-18,20,2026-04-18,23,180.0,3.0,0,0
631,AI250,1,Air India,7,20260418,BOM,CCU,BOM → CCU,2026-04-18 20:48:41.704,2026-04-19 00:12:41.704,2026-04-18,20,2026-04-19,0,204.0,3.4,0,0
632,SJ195,3,SpiceJet,7,20260418,BOM,CCU,BOM → CCU,2026-04-18 20:41:41.703,2026-04-18 23:54:41.703,2026-04-18,20,2026-04-18,23,193.0,3.216666666666667,0,0
633,UK211,4,Vistara,28,20260418,MAA,CCU,MAA → CCU,2026-04-18 20:39:41.704,2026-04-18 22:02:41.704,2026-04-18,20,2026-04-18,22,83.0,1.3833333333333333,0,0
634,UK122,4,Vistara,23,20260418,HYD,CCU,HYD → CCU,2026-04-18 20:29:42.000,2026-04-18 23:29:42.000,2026-04-18,20,2026-04-18,23,180.0,3.0,0,0
635,AI136,1,Air India,3,20260418,BLR,DEL,BLR → DEL,2026-04-18 20:29:41.702,2026-04-18 23:48:41.702,2026-04-18,20,2026-04-18,23,199.0,3.316666666666667,0,0
636,6E141,2,IndiGo,7,20260418,BOM,CCU,BOM → CCU,2026-04-18 20:26:41.702,2026-04-18 22:28:41.702,2026-04-18,20,2026-04-18,22,122.0,2.033333333333333,0,0
637,6E053,2,IndiGo,19,20260418,DEL,HYD,DEL → HYD,2026-04-18 20:26:41.701,2026-04-19 00:39:41.701,2026-04-18,20,2026-04-19,0,253.0,4.216666666666667,0,0
638,6E136,2,IndiGo,13,20260418,CCU,DEL,CCU → DEL,2026-04-18 20:24:41.702,2026-04-18 21:01:41.702,2026-04-18,20,2026-04-18,21,37.0,0.6166666666666667,0,0
639,6E009,2,IndiGo,2,20260418,BLR,CCU,BLR → CCU,2026-04-18 20:21:41.701,2026-04-18 23:36:41.701,2026-04-18,20,2026-04-18,23,195.0,3.25,0,0
640,6E023,2,IndiGo,26,20260418,MAA,BLR,MAA → BLR,2026-04-18 20:18:41.701,2026-04-19 00:14:41.701,2026-04-18,20,2026-04-19,0,236.0,3.933333333333333,0,0
641,UK006,4,Vistara,28,20260418,MAA,CCU,MAA → CCU,2026-04-18 20:16:41.701,2026-04-18 21:55:41.701,2026-04-18,20,2026-04-18,21,99.0,1.65,0,0
642,SJ165,3,SpiceJet,12,20260418,CCU,BOM,CCU → BOM,2026-04-18 20:08:41.703,2026-04-18 23:18:41.703,2026-04-18,20,2026-04-18,23,190.0,3.1666666666666665,0,0
643,6E189,2,IndiGo,26,20260418,MAA,BLR,MAA → BLR,2026-04-18 20:08:41.703,2026-04-18 21:51:41.703,2026-04-18,20,2026-04-18,21,103.0,1.7166666666666666,0,0
644,AI131,1,Air India,27,20260418,MAA,BOM,MAA → BOM,2026-04-18 19:55:41.702,2026-04-18 22:35:41.702,2026-04-18,19,2026-04-18,22,160.0,2.6666666666666665,0,0
645,6E004,2,IndiGo,7,20260418,BOM,CCU,BOM → CCU,2026-04-18 19:53:41.701,2026-04-18 23:33:41.701,2026-04-18,19,2026-04-18,23,220.0,3.6666666666666665,0,0
646,AI027,1,Air India,10,20260418,BOM,MAA,BOM → MAA,2026-04-18 19:41:41.701,2026-04-18 23:23:41.701,2026-04-18,19,2026-04-18,23,222.0,3.7,0,0
647,AI238,1,Air India,15,20260418,CCU,MAA,CCU → MAA,2026-04-18 19:25:41.704,2026-04-19 00:07:41.704,2026-04-18,19,2026-04-19,0,282.0,4.7,0,0
648,SJ105,3,SpiceJet,9,20260418,BOM,HYD,BOM → HYD,2026-04-18 19:22:41.702,2026-04-18 22:48:41.702,2026-04-18,19,2026-04-18,22,206.0,3.433333333333333,0,0
649,UK088,4,Vistara,26,20260418,MAA,BLR,MAA → BLR,2026-04-18 19:16:41.702,2026-04-18 23:36:41.702,2026-04-18,19,2026-04-18,23,260.0,4.333333333333333,0,0
650,6E035,2,IndiGo,14,20260418,CCU,HYD,CCU → HYD,2026-04-18 19:16:41.701,2026-04-18 23:40:41.701,2026-04-18,19,2026-04-18,23,264.0,4.4,0,0
651,AI133,1,Air India,18,20260418,DEL,CCU,DEL → CCU,2026-04-18 19:12:41.702,2026-04-18 21:32:41.702,2026-04-18,19,2026-04-18,21,140.0,2.3333333333333335,0,0
652,AI001,1,Air India,19,20260418,DEL,HYD,DEL → HYD,2026-04-18 19:00:41.700,2026-04-18 22:03:41.700,2026-04-18,19,2026-04-18,22,183.0,3.05,0,0
653,SJ133,3,SpiceJet,7,20260418,BOM,CCU,BOM → CCU,2026-04-18 18:50:41.702,2026-04-18 21:29:41.702,2026-04-18,18,2026-04-18,21,159.0,2.65,0,0
654,SJ216,3,SpiceJet,7,20260418,BOM,CCU,BOM → CCU,2026-04-18 18:35:41.703,2026-04-18 21:31:41.703,2026-04-18,18,2026-04-18,21,176.0,2.933333333333333,0,0
655,SJ225,3,SpiceJet,19,20260418,DEL,HYD,DEL → HYD,2026-04-18 18:16:41.704,2026-04-18 20:53:41.704,2026-04-18,18,2026-04-18,20,157.0,2.6166666666666667,0,0
656,AI147,1,Air India,23,20260418,HYD,CCU,HYD → CCU,2026-04-18 18:14:41.703,2026-04-18 20:10:41.703,2026-04-18,18,2026-04-18,20,116.0,1.9333333333333333,0,0
657,SJ054,3,SpiceJet,26,20260418,MAA,BLR,MAA → BLR,2026-04-18 18:13:41.701,2026-04-18 22:46:41.701,2026-04-18,18,2026-04-18,22,273.0,4.55,0,0
658,6E197,2,IndiGo,6,20260418,BOM,BLR,BOM → BLR,2026-04-18 17:59:41.703,2026-04-18 22:44:41.703,2026-04-18,17,2026-04-18,22,285.0,4.75,0,0
659,SJ066,3,SpiceJet,23,20260418,HYD,CCU,HYD → CCU,2026-04-18 17:47:41.701,2026-04-18 19:03:41.701,2026-04-18,17,2026-04-18,19,76.0,1.2666666666666666,0,0
660,SJ183,3,SpiceJet,13,20260418,CCU,DEL,CCU → DEL,2026-04-18 17:44:41.703,2026-04-18 19:40:41.703,2026-04-18,17,2026-04-18,19,116.0,1.9333333333333333,0,0
661,SJ151,3,SpiceJet,7,20260418,BOM,CCU,BOM → CCU,2026-04-18 17:44:41.702,2026-04-18 19:16:41.702,2026-04-18,17,2026-04-18,19,92.0,1.5333333333333334,0,0
662,SJ071,3,SpiceJet,15,20260418,CCU,MAA,CCU → MAA,2026-04-18 17:43:41.701,2026-04-18 19:32:41.701,2026-04-18,17,2026-04-18,19,109.0,1.8166666666666667,0,0
663,SJ102,3,SpiceJet,28,20260418,MAA,CCU,MAA → CCU,2026-04-18 17:26:41.702,2026-04-18 18:58:41.702,2026-04-18,17,2026-04-18,18,92.0,1.5333333333333334,0,0
664,AI209,1,Air India,2,20260418,BLR,CCU,BLR → CCU,2026-04-18 17:25:41.703,2026-04-18 18:37:41.703,2026-04-18,17,2026-04-18,18,72.0,1.2,0,0
665,6E111,2,IndiGo,24,20260418,HYD,DEL,HYD → DEL,2026-04-18 17:09:41.702,2026-04-18 20:02:41.702,2026-04-18,17,2026-04-18,20,173.0,2.8833333333333333,0,0
666,AI050,1,Air India,1,20260418,BLR,BOM,BLR → BOM,2026-04-18 17:07:41.701,2026-04-18 19:42:41.701,2026-04-18,17,2026-04-18,19,155.0,2.5833333333333335,0,0
667,SJ189,3,SpiceJet,21,20260418,HYD,BLR,HYD → BLR,2026-04-18 17:05:41.703,2026-04-18 22:01:41.703,2026-04-18,17,2026-04-18,22,296.0,4.933333333333334,0,0
668,UK112,4,Vistara,13,20260418,CCU,DEL,CCU → DEL,2026-04-18 17:05:41.702,2026-04-18 19:47:41.702,2026-04-18,17,2026-04-18,19,162.0,2.7,0,0
669,6E171,2,IndiGo,16,20260418,DEL,BLR,DEL → BLR,2026-04-18 17:03:41.703,2026-04-18 18:12:41.703,2026-04-18,17,2026-04-18,18,69.0,1.15,0,0
670,AI011,1,Air India,12,20260418,CCU,BOM,CCU → BOM,2026-04-18 16:58:41.701,2026-04-18 21:01:41.701,2026-04-18,16,2026-04-18,21,243.0,4.05,0,0
671,6E027,2,IndiGo,3,20260418,BLR,DEL,BLR → DEL,2026-04-18 16:52:41.701,2026-04-18 18:21:41.701,2026-04-18,16,2026-04-18,18,89.0,1.4833333333333334,0,0
672,UK082,4,Vistara,17,20260418,DEL,BOM,DEL → BOM,2026-04-18 16:50:41.702,2026-04-18 21:21:41.702,2026-04-18,16,2026-04-18,21,271.0,4.516666666666667,0,0
673,UK138,4,Vistara,16,20260418,DEL,BLR,DEL → BLR,2026-04-18 16:47:41.703,2026-04-18 19:36:41.703,2026-04-18,16,2026-04-18,19,169.0,2.816666666666667,0,0
674,UK198,4,Vistara,16,20260418,DEL,BLR,DEL → BLR,2026-04-18 16:43:41.703,2026-04-18 18:18:41.703,2026-04-18,16,2026-04-18,18,95.0,1.5833333333333333,0,0
675,6E039,2,IndiGo,28,20260418,MAA,CCU,MAA → CCU,2026-04-18 16:43:41.701,2026-04-18 21:01:41.701,2026-04-18,16,2026-04-18,21,258.0,4.3,0,0
676,6E157,2,IndiGo,28,20260418,MAA,CCU,MAA → CCU,2026-04-18 16:37:41.703,2026-04-18 18:04:41.703,2026-04-18,16,2026-04-18,18,87.0,1.45,0,0
677,SJ024,3,SpiceJet,20,20260418,DEL,MAA,DEL → MAA,2026-04-18 16:29:41.701,2026-04-18 20:21:41.701,2026-04-18,16,2026-04-18,20,232.0,3.8666666666666667,0,0
678,6E167,2,IndiGo,1,20260418,BLR,BOM,BLR → BOM,2026-04-18 16:26:41.703,2026-04-18 17:50:41.703,2026-04-18,16,2026-04-18,17,84.0,1.4,0,0
679,AI197,1,Air India,7,20260418,BOM,CCU,BOM → CCU,2026-04-18 16:25:41.703,2026-04-18 20:00:41.703,2026-04-18,16,2026-04-18,20,215.0,3.5833333333333335,0,0
680,SJ211,3,SpiceJet,27,20260418,MAA,BOM,MAA → BOM,2026-04-18 16:22:41.703,2026-04-18 18:34:41.703,2026-04-18,16,2026-04-18,18,132.0,2.2,0,0
681,6E055,2,IndiGo,18,20260418,DEL,CCU,DEL → CCU,2026-04-18 16:21:41.701,2026-04-18 18:49:41.701,2026-04-18,16,2026-04-18,18,148.0,2.466666666666667,0,0
682,AI253,1,Air India,1,20260418,BLR,BOM,BLR → BOM,2026-04-18 16:13:41.704,2026-04-18 19:51:41.704,2026-04-18,16,2026-04-18,19,218.0,3.6333333333333333,0,0
683,UK060,4,Vistara,2,20260418,BLR,CCU,BLR → CCU,2026-04-18 16:09:41.701,2026-04-18 19:42:41.701,2026-04-18,16,2026-04-18,19,213.0,3.55,0,0
684,6E257,2,IndiGo,28,20260418,MAA,CCU,MAA → CCU,2026-04-18 16:04:41.704,2026-04-18 19:55:41.704,2026-04-18,16,2026-04-18,19,231.0,3.85,0,0
685,SJ135,3,SpiceJet,28,20260418,MAA,CCU,MAA → CCU,2026-04-18 16:03:41.702,2026-04-18 19:48:41.702,2026-04-18,16,2026-04-18,19,225.0,3.75,0,0
686,AI247,1,Air India,7,20260418,BOM,CCU,BOM → CCU,2026-04-18 15:58:41.704,2026-04-18 19:02:41.704,2026-04-18,15,2026-04-18,19,184.0,3.066666666666667,0,0
687,UK127,4,Vistara,9,20260418,BOM,HYD,BOM → HYD,2026-04-18 15:56:41.702,2026-04-18 20:00:41.702,2026-04-18,15,2026-04-18,20,244.0,4.066666666666666,0,0
688,AI109,1,Air India,1,20260418,BLR,BOM,BLR → BOM,2026-04-18 15:53:41.702,2026-04-18 20:14:41.702,2026-04-18,15,2026-04-18,20,261.0,4.35,0,0
689,AI057,1,Air India,7,20260418,BOM,CCU,BOM → CCU,2026-04-18 15:53:41.701,2026-04-18 19:22:41.701,2026-04-18,15,2026-04-18,19,209.0,3.4833333333333334,0,0
690,6E103,2,IndiGo,15,20260418,CCU,MAA,CCU → MAA,2026-04-18 15:37:41.702,2026-04-18 18:32:41.702,2026-04-18,15,2026-04-18,18,175.0,2.9166666666666665,0,0
691,SJ144,3,SpiceJet,1,20260418,BLR,BOM,BLR → BOM,2026-04-18 15:35:41.702,2026-04-18 19:12:41.702,2026-04-18,15,2026-04-18,19,217.0,3.6166666666666667,0,0
692,6E076,2,IndiGo,14,20260418,CCU,HYD,CCU → HYD,2026-04-18 15:35:41.702,2026-04-18 16:20:41.702,2026-04-18,15,2026-04-18,16,45.0,0.75,0,0
693,6E240,2,IndiGo,19,20260418,DEL,HYD,DEL → HYD,2026-04-18 15:31:41.704,2026-04-18 19:56:41.704,2026-04-18,15,2026-04-18,19,265.0,4.416666666666667,0,0
694,UK057,4,Vistara,13,20260418,CCU,DEL,CCU → DEL,2026-04-18 15:25:41.701,2026-04-18 20:04:41.701,2026-04-18,15,2026-04-18,20,279.0,4.65,0,0
695,AI201,1,Air India,2,20260418,BLR,CCU,BLR → CCU,2026-04-18 15:19:41.703,2026-04-18 16:40:41.703,2026-04-18,15,2026-04-18,16,81.0,1.35,0,0
696,SJ242,3,SpiceJet,4,20260418,BLR,HYD,BLR → HYD,2026-04-18 14:55:41.704,2026-04-18 17:42:41.704,2026-04-18,14,2026-04-18,17,167.0,2.783333333333333,0,0
697,6E037,2,IndiGo,10,20260418,BOM,MAA,BOM → MAA,2026-04-18 14:51:41.701,2026-04-18 17:23:41.701,2026-04-18,14,2026-04-18,17,152.0,2.533333333333333,0,0
698,SJ132,3,SpiceJet,29,20260418,MAA,DEL,MAA → DEL,2026-04-18 14:44:41.702,2026-04-18 15:36:41.702,2026-04-18,14,2026-04-18,15,52.0,0.8666666666666667,0,0
699,AI055,1,Air India,12,20260418,CCU,BOM,CCU → BOM,2026-04-18 14:39:41.701,2026-04-18 16:18:41.701,2026-04-18,14,2026-04-18,16,99.0,1.65,0,0
700,6E252,2,IndiGo,26,20260418,MAA,BLR,MAA → BLR,2026-04-18 14:25:41.701,2026-04-18 18:52:41.701,2026-04-18,14,2026-04-18,18,267.0,4.45,0,0
701,AI183,1,Air India,18,20260418,DEL,CCU,DEL → CCU,2026-04-18 14:24:41.703,2026-04-18 16:06:41.703,2026-04-18,14,2026-04-18,16,102.0,1.7,0,0
702,SJ125,3,SpiceJet,16,20260418,DEL,BLR,DEL → BLR,2026-04-18 14:21:41.702,2026-04-18 16:55:41.702,2026-04-18,14,2026-04-18,16,154.0,2.566666666666667,0,0
703,SJ087,3,SpiceJet,8,20260418,BOM,DEL,BOM → DEL,2026-04-18 14:20:41.702,2026-04-18 19:09:41.702,2026-04-18,14,2026-04-18,19,289.0,4.816666666666666,0,0
704,UK182,4,Vistara,23,20260418,HYD,CCU,HYD → CCU,2026-04-18 14:19:41.703,2026-04-18 18:25:41.703,2026-04-18,14,2026-04-18,18,246.0,4.1,0,0
705,AI016,1,Air India,7,20260418,BOM,CCU,BOM → CCU,2026-04-18 14:15:41.701,2026-04-18 18:38:41.701,2026-04-18,14,2026-04-18,18,263.0,4.383333333333334,0,0
706,6E107,2,IndiGo,11,20260418,CCU,BLR,CCU → BLR,2026-04-18 14:14:41.702,2026-04-18 17:14:42.000,2026-04-18,14,2026-04-18,17,180.0049666666667,3.000082777777778,0,0
707,AI026,1,Air India,17,20260418,DEL,BOM,DEL → BOM,2026-04-18 14:14:41.701,2026-04-18 15:13:41.701,2026-04-18,14,2026-04-18,15,59.0,0.9833333333333333,0,0
708,AI177,1,Air India,14,20260418,CCU,HYD,CCU → HYD,2026-04-18 14:11:41.703,2026-04-18 16:26:41.703,2026-04-18,14,2026-04-18,16,135.0,2.25,0,0
709,AI041,1,Air India,6,20260418,BOM,BLR,BOM → BLR,2026-04-18 14:08:41.701,2026-04-18 15:59:41.701,2026-04-18,14,2026-04-18,15,111.0,1.85,0,0
710,6E264,2,IndiGo,19,20260418,DEL,HYD,DEL → HYD,2026-04-18 14:03:41.701,2026-04-18 18:23:41.701,2026-04-18,14,2026-04-18,18,260.0,4.333333333333333,0,0
711,6E222,2,IndiGo,25,20260418,HYD,MAA,HYD → MAA,2026-04-18 14:01:41.704,2026-04-18 16:11:41.704,2026-04-18,14,2026-04-18,16,130.0,2.1666666666666665,0,0
712,AI004,1,Air India,25,20260418,HYD,MAA,HYD → MAA,2026-04-18 13:58:41.701,2026-04-18 18:12:41.701,2026-04-18,13,2026-04-18,18,254.0,4.233333333333333,0,0
713,SJ126,3,SpiceJet,16,20260418,DEL,BLR,DEL → BLR,2026-04-18 13:47:41.702,2026-04-18 16:31:41.702,2026-04-18,13,2026-04-18,16,164.0,2.7333333333333334,0,0
714,SJ220,3,SpiceJet,7,20260418,BOM,CCU,BOM → CCU,2026-04-18 13:45:41.703,2026-04-18 15:21:41.703,2026-04-18,13,2026-04-18,15,96.0,1.6,0,0
715,AI204,1,Air India,15,20260418,CCU,MAA,CCU → MAA,2026-04-18 13:40:41.703,2026-04-18 18:38:41.703,2026-04-18,13,2026-04-18,18,298.0,4.966666666666667,0,0
716,UK098,4,Vistara,13,20260418,CCU,DEL,CCU → DEL,2026-04-18 13:38:41.702,2026-04-18 17:54:41.702,2026-04-18,13,2026-04-18,17,256.0,4.266666666666667,0,0
717,AI090,1,Air India,28,20260418,MAA,CCU,MAA → CCU,2026-04-18 13:37:41.702,2026-04-18 16:11:41.702,2026-04-18,13,2026-04-18,16,154.0,2.566666666666667,0,0
718,AI092,1,Air India,12,20260418,CCU,BOM,CCU → BOM,2026-04-18 13:36:41.702,2026-04-18 16:20:41.702,2026-04-18,13,2026-04-18,16,164.0,2.7333333333333334,0,0
719,AI049,1,Air India,15,20260418,CCU,MAA,CCU → MAA,2026-04-18 13:35:41.701,2026-04-18 15:48:41.701,2026-04-18,13,2026-04-18,15,133.0,2.216666666666667,0,0
720,UK117,4,Vistara,1,20260418,BLR,BOM,BLR → BOM,2026-04-18 13:17:41.702,2026-04-18 16:54:41.702,2026-04-18,13,2026-04-18,16,217.0,3.6166666666666667,0,0
721,6E227,2,IndiGo,27,20260418,MAA,BOM,MAA → BOM,2026-04-18 13:16:41.704,2026-04-18 17:41:41.704,2026-04-18,13,2026-04-18,17,265.0,4.416666666666667,0,0
722,AI228,1,Air India,1,20260418,BLR,BOM,BLR → BOM,2026-04-18 13:16:41.703,2026-04-18 17:44:41.703,2026-04-18,13,2026-04-18,17,268.0,4.466666666666667,0,0
723,SJ164,3,SpiceJet,15,20260418,CCU,MAA,CCU → MAA,2026-04-18 13:14:41.703,2026-04-18 15:14:42.000,2026-04-18,13,2026-04-18,15,120.00495,2.0000825,0,0
724,AI018,1,Air India,7,20260418,BOM,CCU,BOM → CCU,2026-04-18 13:12:41.701,2026-04-18 18:04:41.701,2026-04-18,13,2026-04-18,18,292.0,4.866666666666666,0,0
725,UK192,4,Vistara,24,20260418,HYD,DEL,HYD → DEL,2026-04-18 12:54:41.703,2026-04-18 13:54:42.000,2026-04-18,12,2026-04-18,13,60.00495,1.0000825,0,0
726,SJ224,3,SpiceJet,20,20260418,DEL,MAA,DEL → MAA,2026-04-18 12:41:41.703,2026-04-18 15:33:41.703,2026-04-18,12,2026-04-18,15,172.0,2.8666666666666667,0,0
727,UK050,4,Vistara,8,20260418,BOM,DEL,BOM → DEL,2026-04-18 12:39:41.701,2026-04-18 13:18:41.701,2026-04-18,12,2026-04-18,13,39.0,0.65,0,0
728,SJ159,3,SpiceJet,13,20260418,CCU,DEL,CCU → DEL,2026-04-18 12:22:41.703,2026-04-18 14:05:41.703,2026-04-18,12,2026-04-18,14,103.0,1.7166666666666666,0,0
729,UK038,4,Vistara,28,20260418,MAA,CCU,MAA → CCU,2026-04-18 12:22:41.701,2026-04-18 15:31:41.701,2026-04-18,12,2026-04-18,15,189.0,3.15,0,0
730,6E192,2,IndiGo,11,20260418,CCU,BLR,CCU → BLR,2026-04-18 12:20:41.703,2026-04-18 16:45:41.703,2026-04-18,12,2026-04-18,16,265.0,4.416666666666667,0,0
731,6E173,2,IndiGo,7,20260418,BOM,CCU,BOM → CCU,2026-04-18 12:19:41.703,2026-04-18 13:08:41.703,2026-04-18,12,2026-04-18,13,49.0,0.8166666666666667,0,0
732,AI185,1,Air India,12,20260418,CCU,BOM,CCU → BOM,2026-04-18 12:16:41.703,2026-04-18 16:18:41.703,2026-04-18,12,2026-04-18,16,242.0,4.033333333333333,0,0
733,SJ152,3,SpiceJet,8,20260418,BOM,DEL,BOM → DEL,2026-04-18 12:09:41.702,2026-04-18 13:50:41.702,2026-04-18,12,2026-04-18,13,101.0,1.6833333333333333,0,0
734,AI215,1,Air India,3,20260418,BLR,DEL,BLR → DEL,2026-04-18 12:07:41.703,2026-04-18 13:43:41.703,2026-04-18,12,2026-04-18,13,96.0,1.6,0,0
735,AI074,1,Air India,12,20260418,CCU,BOM,CCU → BOM,2026-04-18 12:03:41.702,2026-04-18 12:50:41.702,2026-04-18,12,2026-04-18,12,47.0,0.7833333333333333,0,0
736,6E109,2,IndiGo,1,20260418,BLR,BOM,BLR → BOM,2026-04-18 12:00:41.702,2026-04-18 12:51:41.702,2026-04-18,12,2026-04-18,12,51.0,0.85,0,0
737,6E144,2,IndiGo,22,20260418,HYD,BOM,HYD → BOM,2026-04-18 11:56:41.702,2026-04-18 15:11:41.702,2026-04-18,11,2026-04-18,15,195.0,3.25,0,0
738,6E210,2,IndiGo,24,20260418,HYD,DEL,HYD → DEL,2026-04-18 11:51:41.703,2026-04-18 15:58:41.703,2026-04-18,11,2026-04-18,15,247.0,4.116666666666666,0,0
739,SJ111,3,SpiceJet,20,20260418,DEL,MAA,DEL → MAA,2026-04-18 11:47:41.702,2026-04-18 12:59:41.702,2026-04-18,11,2026-04-18,12,72.0,1.2,0,0
740,UK092,4,Vistara,26,20260418,MAA,BLR,MAA → BLR,2026-04-18 11:42:41.702,2026-04-18 13:17:41.702,2026-04-18,11,2026-04-18,13,95.0,1.5833333333333333,0,0
741,UK009,4,Vistara,8,20260418,BOM,DEL,BOM → DEL,2026-04-18 11:34:41.701,2026-04-18 13:41:41.701,2026-04-18,11,2026-04-18,13,127.0,2.1166666666666667,0,0
742,AI170,1,Air India,24,20260418,HYD,DEL,HYD → DEL,2026-04-18 11:27:41.703,2026-04-18 15:50:41.703,2026-04-18,11,2026-04-18,15,263.0,4.383333333333334,0,0
743,6E154,2,IndiGo,13,20260418,CCU,DEL,CCU → DEL,2026-04-18 11:26:41.703,2026-04-18 12:23:41.703,2026-04-18,11,2026-04-18,12,57.0,0.95,0,0
744,6E161,2,IndiGo,29,20260418,MAA,DEL,MAA → DEL,2026-04-18 11:24:41.703,2026-04-18 12:21:41.703,2026-04-18,11,2026-04-18,12,57.0,0.95,0,0
745,UK128,4,Vistara,7,20260418,BOM,CCU,BOM → CCU,2026-04-18 11:22:41.702,2026-04-18 14:11:41.702,2026-04-18,11,2026-04-18,14,169.0,2.816666666666667,0,0
746,AI186,1,Air India,17,20260418,DEL,BOM,DEL → BOM,2026-04-18 11:11:41.703,2026-04-18 13:05:41.703,2026-04-18,11,2026-04-18,13,114.0,1.9,0,0
747,AI099,1,Air India,1,20260418,BLR,BOM,BLR → BOM,2026-04-18 11:07:41.702,2026-04-18 13:29:41.702,2026-04-18,11,2026-04-18,13,142.0,2.3666666666666667,0,0
748,6E203,2,IndiGo,4,20260418,BLR,HYD,BLR → HYD,2026-04-18 11:05:41.703,2026-04-18 12:56:41.703,2026-04-18,11,2026-04-18,12,111.0,1.85,0,0
749,UK139,4,Vistara,5,20260418,BLR,MAA,BLR → MAA,2026-04-18 10:54:41.703,2026-04-18 14:31:41.703,2026-04-18,10,2026-04-18,14,217.0,3.6166666666666667,0,0
750,SJ008,3,SpiceJet,21,20260418,HYD,BLR,HYD → BLR,2026-04-18 10:53:41.701,2026-04-18 15:48:41.701,2026-04-18,10,2026-04-18,15,295.0,4.916666666666667,0,0
751,AI171,1,Air India,26,20260418,MAA,BLR,MAA → BLR,2026-04-18 10:51:41.703,2026-04-18 13:34:41.703,2026-04-18,10,2026-04-18,13,163.0,2.716666666666667,0,0
752,6E124,2,IndiGo,1,20260418,BLR,BOM,BLR → BOM,2026-04-18 10:47:41.702,2026-04-18 15:21:41.702,2026-04-18,10,2026-04-18,15,274.0,4.566666666666666,0,0
753,6E137,2,IndiGo,13,20260418,CCU,DEL,CCU → DEL,2026-04-18 10:45:41.702,2026-04-18 15:01:41.702,2026-04-18,10,2026-04-18,15,256.0,4.266666666666667,0,0
754,AI008,1,Air India,7,20260418,BOM,CCU,BOM → CCU,2026-04-18 10:43:41.701,2026-04-18 12:43:42.000,2026-04-18,10,2026-04-18,12,120.00498333333333,2.0000830555555553,0,0
755,SJ140,3,SpiceJet,24,20260418,HYD,DEL,HYD → DEL,2026-04-18 10:42:41.702,2026-04-18 14:30:41.702,2026-04-18,10,2026-04-18,14,228.0,3.8,0,0
756,UK016,4,Vistara,18,20260418,DEL,CCU,DEL → CCU,2026-04-18 10:42:41.701,2026-04-18 11:22:41.701,2026-04-18,10,2026-04-18,11,40.0,0.6666666666666666,0,0
757,AI127,1,Air India,19,20260418,DEL,HYD,DEL → HYD,2026-04-18 10:37:41.702,2026-04-18 13:45:41.702,2026-04-18,10,2026-04-18,13,188.0,3.1333333333333333,0,0
758,SJ096,3,SpiceJet,19,20260418,DEL,HYD,DEL → HYD,2026-04-18 10:29:41.702,2026-04-18 13:45:41.702,2026-04-18,10,2026-04-18,13,196.0,3.2666666666666666,0,0
759,6E048,2,IndiGo,24,20260418,HYD,DEL,HYD → DEL,2026-04-18 10:27:41.701,2026-04-18 11:18:41.701,2026-04-18,10,2026-04-18,11,51.0,0.85,0,0
760,SJ090,3,SpiceJet,25,20260418,HYD,MAA,HYD → MAA,2026-04-18 10:24:41.702,2026-04-18 13:11:41.702,2026-04-18,10,2026-04-18,13,167.0,2.783333333333333,0,0
761,AI014,1,Air India,25,20260418,HYD,MAA,HYD → MAA,2026-04-18 10:24:41.701,2026-04-18 13:51:41.701,2026-04-18,10,2026-04-18,13,207.0,3.45,0,0
762,6E131,2,IndiGo,4,20260418,BLR,HYD,BLR → HYD,2026-04-18 10:22:41.702,2026-04-18 14:20:41.702,2026-04-18,10,2026-04-18,14,238.0,3.966666666666667,0,0
763,AI130,1,Air India,6,20260418,BOM,BLR,BOM → BLR,2026-04-18 10:18:41.702,2026-04-18 12:59:41.702,2026-04-18,10,2026-04-18,12,161.0,2.683333333333333,0,0
764,UK151,4,Vistara,7,20260418,BOM,CCU,BOM → CCU,2026-04-18 10:11:41.703,2026-04-18 13:30:41.703,2026-04-18,10,2026-04-18,13,199.0,3.316666666666667,0,0
765,6E165,2,IndiGo,1,20260418,BLR,BOM,BLR → BOM,2026-04-18 10:11:41.703,2026-04-18 11:09:41.703,2026-04-18,10,2026-04-18,11,58.0,0.9666666666666667,0,0
766,UK161,4,Vistara,1,20260418,BLR,BOM,BLR → BOM,2026-04-18 10:05:41.703,2026-04-18 12:48:41.703,2026-04-18,10,2026-04-18,12,163.0,2.716666666666667,0,0
767,AI107,1,Air India,23,20260418,HYD,CCU,HYD → CCU,2026-04-18 10:03:41.702,2026-04-18 10:49:41.702,2026-04-18,10,2026-04-18,10,46.0,0.7666666666666667,0,0
768,SJ104,3,SpiceJet,24,20260418,HYD,DEL,HYD → DEL,2026-04-18 10:00:41.702,2026-04-18 11:00:42.000,2026-04-18,10,2026-04-18,11,60.00496666666666,1.0000827777777777,0,0
769,AI042,1,Air India,13,20260418,CCU,DEL,CCU → DEL,2026-04-18 09:53:41.701,2026-04-18 10:57:41.701,2026-04-18,9,2026-04-18,10,64.0,1.0666666666666667,0,0
770,6E266,2,IndiGo,15,20260418,CCU,MAA,CCU → MAA,2026-04-18 09:49:41.703,2026-04-18 11:17:41.703,2026-04-18,9,2026-04-18,11,88.0,1.4666666666666666,0,0
771,6E138,2,IndiGo,21,20260418,HYD,BLR,HYD → BLR,2026-04-18 09:49:41.702,2026-04-18 12:53:41.702,2026-04-18,9,2026-04-18,12,184.0,3.066666666666667,0,0
772,SJ219,3,SpiceJet,8,20260418,BOM,DEL,BOM → DEL,2026-04-18 09:32:41.703,2026-04-18 14:09:41.703,2026-04-18,9,2026-04-18,14,277.0,4.616666666666666,0,0
773,UK197,4,Vistara,4,20260418,BLR,HYD,BLR → HYD,2026-04-18 09:22:41.703,2026-04-18 10:54:41.703,2026-04-18,9,2026-04-18,10,92.0,1.5333333333333334,0,0
774,6E119,2,IndiGo,17,20260418,DEL,BOM,DEL → BOM,2026-04-18 09:19:41.702,2026-04-18 11:33:41.702,2026-04-18,9,2026-04-18,11,134.0,2.2333333333333334,0,0
775,SJ058,3,SpiceJet,19,20260418,DEL,HYD,DEL → HYD,2026-04-18 08:58:41.701,2026-04-18 13:14:41.701,2026-04-18,8,2026-04-18,13,256.0,4.266666666666667,0,0
776,AI218,1,Air India,7,20260418,BOM,CCU,BOM → CCU,2026-04-18 08:55:41.703,2026-04-18 11:55:41.703,2026-04-18,8,2026-04-18,11,180.0,3.0,0,0
777,SJ060,3,SpiceJet,23,20260418,HYD,CCU,HYD → CCU,2026-04-18 08:51:41.701,2026-04-18 13:46:41.701,2026-04-18,8,2026-04-18,13,295.0,4.916666666666667,0,0
778,UK121,4,Vistara,1,20260418,BLR,BOM,BLR → BOM,2026-04-18 08:36:41.702,2026-04-18 12:36:41.702,2026-04-18,8,2026-04-18,12,240.0,4.0,0,0
779,6E208,2,IndiGo,12,20260418,CCU,BOM,CCU → BOM,2026-04-18 08:27:41.703,2026-04-18 11:34:41.703,2026-04-18,8,2026-04-18,11,187.0,3.1166666666666667,0,0
780,6E153,2,IndiGo,11,20260418,CCU,BLR,CCU → BLR,2026-04-18 08:23:41.703,2026-04-18 12:20:41.703,2026-04-18,8,2026-04-18,12,237.0,3.95,0,0
781,AI117,1,Air India,21,20260418,HYD,BLR,HYD → BLR,2026-04-18 08:18:41.702,2026-04-18 10:09:41.702,2026-04-18,8,2026-04-18,10,111.0,1.85,0,0
782,SJ113,3,SpiceJet,1,20260418,BLR,BOM,BLR → BOM,2026-04-18 08:10:41.702,2026-04-18 10:10:42.000,2026-04-18,8,2026-04-18,10,120.00496666666666,2.0000827777777777,0,0
783,AI191,1,Air India,5,20260418,BLR,MAA,BLR → MAA,2026-04-18 07:57:41.703,2026-04-18 11:58:41.703,2026-04-18,7,2026-04-18,11,241.0,4.016666666666667,0,0
784,6E267,2,IndiGo,20,20260418,DEL,MAA,DEL → MAA,2026-04-18 07:56:41.703,2026-04-18 11:49:41.703,2026-04-18,7,2026-04-18,11,233.0,3.8833333333333333,0,0
785,6E185,2,IndiGo,13,20260418,CCU,DEL,CCU → DEL,2026-04-18 07:49:41.703,2026-04-18 10:08:41.703,2026-04-18,7,2026-04-18,10,139.0,2.316666666666667,0,0
786,AI114,1,Air India,13,20260418,CCU,DEL,CCU → DEL,2026-04-18 07:48:41.702,2026-04-18 09:03:41.702,2026-04-18,7,2026-04-18,9,75.0,1.25,0,0
787,6E155,2,IndiGo,16,20260418,DEL,BLR,DEL → BLR,2026-04-18 07:47:41.703,2026-04-18 08:20:41.703,2026-04-18,7,2026-04-18,8,33.0,0.55,0,0
788,UK045,4,Vistara,30,20260418,MAA,HYD,MAA → HYD,2026-04-18 07:43:41.701,2026-04-18 09:28:41.701,2026-04-18,7,2026-04-18,9,105.0,1.75,0,0
789,AI111,1,Air India,28,20260418,MAA,CCU,MAA → CCU,2026-04-18 07:40:41.702,2026-04-18 10:39:41.702,2026-04-18,7,2026-04-18,10,179.0,2.9833333333333334,0,0
790,AI156,1,Air India,12,20260418,CCU,BOM,CCU → BOM,2026-04-18 07:39:41.703,2026-04-18 09:22:41.703,2026-04-18,7,2026-04-18,9,103.0,1.7166666666666666,0,0
791,SJ128,3,SpiceJet,11,20260418,CCU,BLR,CCU → BLR,2026-04-18 07:39:41.702,2026-04-18 10:42:41.702,2026-04-18,7,2026-04-18,10,183.0,3.05,0,0
792,AI104,1,Air India,30,20260418,MAA,HYD,MAA → HYD,2026-04-18 07:35:41.702,2026-04-18 09:20:41.702,2026-04-18,7,2026-04-18,9,105.0,1.75,0,0
793,6E225,2,IndiGo,23,20260418,HYD,CCU,HYD → CCU,2026-04-18 07:33:41.704,2026-04-18 12:12:41.704,2026-04-18,7,2026-04-18,12,279.0,4.65,0,0
794,6E033,2,IndiGo,19,20260418,DEL,HYD,DEL → HYD,2026-04-18 07:08:41.701,2026-04-18 09:08:41.701,2026-04-18,7,2026-04-18,9,120.0,2.0,0,0
795,6E244,2,IndiGo,28,20260418,MAA,CCU,MAA → CCU,2026-04-18 07:07:41.704,2026-04-18 08:31:41.704,2026-04-18,7,2026-04-18,8,84.0,1.4,0,0
796,UK137,4,Vistara,10,20260418,BOM,MAA,BOM → MAA,2026-04-18 07:04:41.703,2026-04-18 09:14:41.703,2026-04-18,7,2026-04-18,9,130.0,2.1666666666666665,0,0
797,AI063,1,Air India,21,20260418,HYD,BLR,HYD → BLR,2026-04-18 07:03:41.701,2026-04-18 11:26:41.701,2026-04-18,7,2026-04-18,11,263.0,4.383333333333334,0,0
798,SJ156,3,SpiceJet,8,20260418,BOM,DEL,BOM → DEL,2026-04-18 06:59:41.703,2026-04-18 07:34:41.703,2026-04-18,6,2026-04-18,7,35.0,0.5833333333333334,0,0
799,UK125,4,Vistara,22,20260418,HYD,BOM,HYD → BOM,2026-04-18 06:58:41.702,2026-04-18 11:44:41.702,2026-04-18,6,2026-04-18,11,286.0,4.766666666666667,0,0
800,AI232,1,Air India,16,20260418,DEL,BLR,DEL → BLR,2026-04-18 06:43:41.704,2026-04-18 10:13:41.704,2026-04-18,6,2026-04-18,10,210.0,3.5,0,0
801,AI167,1,Air India,3,20260418,BLR,DEL,BLR → DEL,2026-04-18 06:43:41.703,2026-04-18 11:10:41.703,2026-04-18,6,2026-04-18,11,267.0,4.45,0,0
802,UK160,4,Vistara,1,20260418,BLR,BOM,BLR → BOM,2026-04-18 06:42:41.703,2026-04-18 10:58:41.703,2026-04-18,6,2026-04-18,10,256.0,4.266666666666667,0,0
803,UK129,4,Vistara,25,20260418,HYD,MAA,HYD → MAA,2026-04-18 06:29:41.702,2026-04-18 07:29:42.000,2026-04-18,6,2026-04-18,7,60.00496666666666,1.0000827777777777,0,0
804,SJ230,3,SpiceJet,7,20260418,BOM,CCU,BOM → CCU,2026-04-18 06:22:41.704,2026-04-18 10:57:41.704,2026-04-18,6,2026-04-18,10,275.0,4.583333333333333,0,0
805,SJ056,3,SpiceJet,24,20260418,HYD,DEL,HYD → DEL,2026-04-18 06:11:41.701,2026-04-18 07:10:41.701,2026-04-18,6,2026-04-18,7,59.0,0.9833333333333333,0,0
806,SJ137,3,SpiceJet,13,20260418,CCU,DEL,CCU → DEL,2026-04-18 06:08:41.702,2026-04-18 10:14:41.702,2026-04-18,6,2026-04-18,10,246.0,4.1,0,0
807,6E081,2,IndiGo,26,20260418,MAA,BLR,MAA → BLR,2026-04-18 06:04:41.702,2026-04-18 07:43:41.702,2026-04-18,6,2026-04-18,7,99.0,1.65,0,0
808,6E088,2,IndiGo,11,20260418,CCU,BLR,CCU → BLR,2026-04-18 05:51:41.702,2026-04-18 08:22:41.702,2026-04-18,5,2026-04-18,8,151.0,2.5166666666666666,0,0
809,6E121,2,IndiGo,25,20260418,HYD,MAA,HYD → MAA,2026-04-18 05:44:41.702,2026-04-18 10:42:41.702,2026-04-18,5,2026-04-18,10,298.0,4.966666666666667,0,0
810,UK214,4,Vistara,24,20260418,HYD,DEL,HYD → DEL,2026-04-18 05:30:41.704,2026-04-18 09:10:41.704,2026-04-18,5,2026-04-18,9,220.0,3.6666666666666665,0,0
811,6E060,2,IndiGo,16,20260418,DEL,BLR,DEL → BLR,2026-04-18 05:29:41.701,2026-04-18 07:29:42.000,2026-04-18,5,2026-04-18,7,120.00498333333333,2.0000830555555553,0,0
812,SJ101,3,SpiceJet,13,20260418,CCU,DEL,CCU → DEL,2026-04-18 05:17:41.702,2026-04-18 06:57:41.702,2026-04-18,5,2026-04-18,6,100.0,1.6666666666666667,0,0
813,AI017,1,Air India,12,20260418,CCU,BOM,CCU → BOM,2026-04-18 05:15:41.701,2026-04-18 08:48:41.701,2026-04-18,5,2026-04-18,8,213.0,3.55,0,0
814,6E120,2,IndiGo,1,20260418,BLR,BOM,BLR → BOM,2026-04-18 05:14:41.702,2026-04-18 06:14:41.702,2026-04-18,5,2026-04-18,6,60.0,1.0,0,0
815,6E217,2,IndiGo,1,20260418,BLR,BOM,BLR → BOM,2026-04-18 05:13:41.704,2026-04-18 08:01:41.704,2026-04-18,5,2026-04-18,8,168.0,2.8,0,0
816,AI194,1,Air India,26,20260418,MAA,BLR,MAA → BLR,2026-04-18 05:09:41.703,2026-04-18 09:38:41.703,2026-04-18,5,2026-04-18,9,269.0,4.483333333333333,0,0
817,AI095,1,Air India,20,20260418,DEL,MAA,DEL → MAA,2026-04-18 05:00:41.702,2026-04-18 08:18:41.702,2026-04-18,5,2026-04-18,8,198.0,3.3,0,0
818,SJ190,3,SpiceJet,7,20260418,BOM,CCU,BOM → CCU,2026-04-18 04:57:41.703,2026-04-18 09:25:41.703,2026-04-18,4,2026-04-18,9,268.0,4.466666666666667,0,0
819,6E139,2,IndiGo,25,20260418,HYD,MAA,HYD → MAA,2026-04-18 04:55:41.702,2026-04-18 08:17:41.702,2026-04-18,4,2026-04-18,8,202.0,3.3666666666666667,0,0
820,6E062,2,IndiGo,13,20260418,CCU,DEL,CCU → DEL,2026-04-18 04:55:41.701,2026-04-18 06:22:41.701,2026-04-18,4,2026-04-18,6,87.0,1.45,0,0
821,UK011,4,Vistara,13,20260418,CCU,DEL,CCU → DEL,2026-04-18 04:41:41.701,2026-04-18 06:25:41.701,2026-04-18,4,2026-04-18,6,104.0,1.7333333333333334,0,0
822,6E100,2,IndiGo,6,20260418,BOM,BLR,BOM → BLR,2026-04-18 04:40:41.702,2026-04-18 07:49:41.702,2026-04-18,4,2026-04-18,7,189.0,3.15,0,0
823,6E228,2,IndiGo,25,20260418,HYD,MAA,HYD → MAA,2026-04-18 04:36:41.704,2026-04-18 09:27:41.704,2026-04-18,4,2026-04-18,9,291.0,4.85,0,0
824,UK033,4,Vistara,24,20260418,HYD,DEL,HYD → DEL,2026-04-18 04:34:41.701,2026-04-18 09:18:41.701,2026-04-18,4,2026-04-18,9,284.0,4.733333333333333,0,0
825,SJ231,3,SpiceJet,16,20260418,DEL,BLR,DEL → BLR,2026-04-18 04:23:41.704,2026-04-18 05:48:41.704,2026-04-18,4,2026-04-18,5,85.0,1.4166666666666667,0,0
826,AI166,1,Air India,7,20260418,BOM,CCU,BOM → CCU,2026-04-18 04:20:41.703,2026-04-18 07:23:41.703,2026-04-18,4,2026-04-18,7,183.0,3.05,0,0
827,SJ176,3,SpiceJet,17,20260418,DEL,BOM,DEL → BOM,2026-04-18 04:15:41.703,2026-04-18 06:17:41.703,2026-04-18,4,2026-04-18,6,122.0,2.033333333333333,0,0
828,SJ065,3,SpiceJet,26,20260418,MAA,BLR,MAA → BLR,2026-04-18 04:10:41.701,2026-04-18 06:54:41.701,2026-04-18,4,2026-04-18,6,164.0,2.7333333333333334,0,0
829,6E160,2,IndiGo,26,20260418,MAA,BLR,MAA → BLR,2026-04-18 04:09:41.703,2026-04-18 08:26:41.703,2026-04-18,4,2026-04-18,8,257.0,4.283333333333333,0,0
830,AI089,1,Air India,12,20260418,CCU,BOM,CCU → BOM,2026-04-18 04:05:41.702,2026-04-18 04:47:41.702,2026-04-18,4,2026-04-18,4,42.0,0.7,0,0
831,UK226,4,Vistara,30,20260418,MAA,HYD,MAA → HYD,2026-04-18 03:58:41.704,2026-04-18 05:01:41.704,2026-04-18,3,2026-04-18,5,63.0,1.05,0,0
832,SJ123,3,SpiceJet,7,20260418,BOM,CCU,BOM → CCU,2026-04-18 03:57:41.702,2026-04-18 05:25:41.702,2026-04-18,3,2026-04-18,5,88.0,1.4666666666666666,0,0
833,AI054,1,Air India,23,20260418,HYD,CCU,HYD → CCU,2026-04-18 03:44:41.701,2026-04-18 08:10:41.701,2026-04-18,3,2026-04-18,8,266.0,4.433333333333334,0,0
834,UK019,4,Vistara,9,20260418,BOM,HYD,BOM → HYD,2026-04-18 03:41:41.701,2026-04-18 04:35:41.701,2026-04-18,3,2026-04-18,4,54.0,0.9,0,0
835,UK032,4,Vistara,1,20260418,BLR,BOM,BLR → BOM,2026-04-18 03:31:41.701,2026-04-18 07:28:41.701,2026-04-18,3,2026-04-18,7,237.0,3.95,0,0
836,SJ100,3,SpiceJet,26,20260418,MAA,BLR,MAA → BLR,2026-04-18 03:28:41.702,2026-04-18 06:50:41.702,2026-04-18,3,2026-04-18,6,202.0,3.3666666666666667,0,0
837,SJ094,3,SpiceJet,30,20260418,MAA,HYD,MAA → HYD,2026-04-18 03:23:41.702,2026-04-18 08:07:41.702,2026-04-18,3,2026-04-18,8,284.0,4.733333333333333,0,0
838,6E101,2,IndiGo,10,20260418,BOM,MAA,BOM → MAA,2026-04-18 03:18:41.702,2026-04-18 08:15:41.702,2026-04-18,3,2026-04-18,8,297.0,4.95,0,0
839,6E006,2,IndiGo,6,20260418,BOM,BLR,BOM → BLR,2026-04-18 03:06:41.701,2026-04-18 05:06:42.000,2026-04-18,3,2026-04-18,5,120.00498333333333,2.0000830555555553,0,0
840,AI006,1,Air India,6,20260418,BOM,BLR,BOM → BLR,2026-04-18 03:04:41.701,2026-04-18 05:54:41.701,2026-04-18,3,2026-04-18,5,170.0,2.8333333333333335,0,0
841,AI195,1,Air India,15,20260418,CCU,MAA,CCU → MAA,2026-04-18 02:58:41.703,2026-04-18 04:57:41.703,2026-04-18,2,2026-04-18,4,119.0,1.9833333333333334,0,0
842,UK072,4,Vistara,6,20260418,BOM,BLR,BOM → BLR,2026-04-18 02:55:41.702,2026-04-18 05:55:42.000,2026-04-18,2,2026-04-18,5,180.0049666666667,3.000082777777778,0,0
843,AI244,1,Air India,1,20260418,BLR,BOM,BLR → BOM,2026-04-18 02:50:41.704,2026-04-18 03:25:41.704,2026-04-18,2,2026-04-18,3,35.0,0.5833333333333334,0,0
844,SJ059,3,SpiceJet,13,20260418,CCU,DEL,CCU → DEL,2026-04-18 02:50:41.701,2026-04-18 04:06:41.701,2026-04-18,2,2026-04-18,4,76.0,1.2666666666666666,0,0
845,SJ009,3,SpiceJet,11,20260418,CCU,BLR,CCU → BLR,2026-04-18 02:48:41.701,2026-04-18 04:23:41.701,2026-04-18,2,2026-04-18,4,95.0,1.5833333333333333,0,0
846,AI121,1,Air India,25,20260418,HYD,MAA,HYD → MAA,2026-04-18 02:42:41.702,2026-04-18 06:11:41.702,2026-04-18,2,2026-04-18,6,209.0,3.4833333333333334,0,0
847,6E265,2,IndiGo,19,20260418,DEL,HYD,DEL → HYD,2026-04-18 02:27:41.703,2026-04-18 03:24:41.703,2026-04-18,2,2026-04-18,3,57.0,0.95,0,0
848,6E110,2,IndiGo,24,20260418,HYD,DEL,HYD → DEL,2026-04-18 02:27:41.702,2026-04-18 05:48:41.702,2026-04-18,2,2026-04-18,5,201.0,3.35,0,0
849,UK018,4,Vistara,7,20260418,BOM,CCU,BOM → CCU,2026-04-18 02:15:41.701,2026-04-18 04:08:41.701,2026-04-18,2,2026-04-18,4,113.0,1.8833333333333333,0,0
850,6E072,2,IndiGo,2,20260418,BLR,CCU,BLR → CCU,2026-04-18 02:14:41.702,2026-04-18 03:11:41.702,2026-04-18,2,2026-04-18,3,57.0,0.95,0,0
851,6E159,2,IndiGo,12,20260418,CCU,BOM,CCU → BOM,2026-04-18 02:08:41.703,2026-04-18 02:43:41.703,2026-04-18,2,2026-04-18,2,35.0,0.5833333333333334,0,0
852,6E095,2,IndiGo,5,20260418,BLR,MAA,BLR → MAA,2026-04-18 01:53:41.702,2026-04-18 05:34:41.702,2026-04-18,1,2026-04-18,5,221.0,3.683333333333333,0,0
853,SJ129,3,SpiceJet,12,20260418,CCU,BOM,CCU → BOM,2026-04-18 01:48:41.702,2026-04-18 05:48:41.702,2026-04-18,1,2026-04-18,5,240.0,4.0,0,0
854,UK039,4,Vistara,22,20260418,HYD,BOM,HYD → BOM,2026-04-18 01:40:41.701,2026-04-18 02:53:41.701,2026-04-18,1,2026-04-18,2,73.0,1.2166666666666666,0,0
855,6E130,2,IndiGo,19,20260418,DEL,HYD,DEL → HYD,2026-04-18 01:27:41.702,2026-04-18 02:45:41.702,2026-04-18,1,2026-04-18,2,78.0,1.3,0,0
856,6E247,2,IndiGo,19,20260418,DEL,HYD,DEL → HYD,2026-04-18 01:27:41.702,2026-04-18 02:45:41.702,2026-04-18,1,2026-04-18,2,78.0,1.3,0,0
857,SJ233,3,SpiceJet,19,20260418,DEL,HYD,DEL → HYD,2026-04-18 01:18:41.704,2026-04-18 02:56:41.704,2026-04-18,1,2026-04-18,2,98.0,1.6333333333333333,0,0
858,6E231,2,IndiGo,25,20260418,HYD,MAA,HYD → MAA,2026-04-18 01:16:41.704,2026-04-18 05:43:41.704,2026-04-18,1,2026-04-18,5,267.0,4.45,0,0
859,AI125,1,Air India,13,20260418,CCU,DEL,CCU → DEL,2026-04-18 01:12:41.702,2026-04-18 04:51:41.702,2026-04-18,1,2026-04-18,4,219.0,3.65,0,0
860,6E102,2,IndiGo,25,20260418,HYD,MAA,HYD → MAA,2026-04-18 01:10:41.702,2026-04-18 02:24:41.702,2026-04-18,1,2026-04-18,2,74.0,1.2333333333333334,0,0
861,UK078,4,Vistara,9,20260418,BOM,HYD,BOM → HYD,2026-04-18 01:03:41.702,2026-04-18 04:32:41.702,2026-04-18,1,2026-04-18,4,209.0,3.4833333333333334,0,0
862,UK043,4,Vistara,19,20260418,DEL,HYD,DEL → HYD,2026-04-18 00:48:41.701,2026-04-18 04:52:41.701,2026-04-18,0,2026-04-18,4,244.0,4.066666666666666,0,0
863,AI144,1,Air India,27,20260418,MAA,BOM,MAA → BOM,2026-04-18 00:43:41.702,2026-04-18 03:36:41.702,2026-04-18,0,2026-04-18,3,173.0,2.8833333333333333,0,0
864,UK054,4,Vistara,1,20260418,BLR,BOM,BLR → BOM,2026-04-18 00:37:41.701,2026-04-18 05:30:41.701,2026-04-18,0,2026-04-18,5,293.0,4.883333333333334,0,0
865,UK108,4,Vistara,16,20260418,DEL,BLR,DEL → BLR,2026-04-18 00:28:41.702,2026-04-18 03:46:41.702,2026-04-18,0,2026-04-18,3,198.0,3.3,0,0
866,6E008,2,IndiGo,17,20260418,DEL,BOM,DEL → BOM,2026-04-18 00:14:41.701,2026-04-18 04:59:41.701,2026-04-18,0,2026-04-18,4,285.0,4.75,0,0
867,6E106,2,IndiGo,7,20260418,BOM,CCU,BOM → CCU,2026-04-18 00:10:41.702,2026-04-18 01:52:41.702,2026-04-18,0,2026-04-18,1,102.0,1.7,0,0
868,AI203,1,Air India,7,20260418,BOM,CCU,BOM → CCU,2026-04-18 00:09:41.703,2026-04-18 02:56:41.703,2026-04-18,0,2026-04-18,2,167.0,2.783333333333333,0,0
869,AI065,1,Air India,26,20260418,MAA,BLR,MAA → BLR,2026-04-18 00:09:41.701,2026-04-18 05:00:41.701,2026-04-18,0,2026-04-18,5,291.0,4.85,0,0
870,UK053,4,Vistara,1,20260417,BLR,BOM,BLR → BOM,2026-04-17 23:56:41.701,2026-04-18 02:46:41.701,2026-04-17,23,2026-04-18,2,170.0,2.8333333333333335,0,0
871,UK086,4,Vistara,11,20260417,CCU,BLR,CCU → BLR,2026-04-17 23:55:41.702,2026-04-18 02:27:41.702,2026-04-17,23,2026-04-18,2,152.0,2.533333333333333,0,0
872,SJ223,3,SpiceJet,25,20260417,HYD,MAA,HYD → MAA,2026-04-17 23:54:41.703,2026-04-18 01:08:41.703,2026-04-17,23,2026-04-18,1,74.0,1.2333333333333334,0,0
873,6E069,2,IndiGo,26,20260417,MAA,BLR,MAA → BLR,2026-04-17 23:44:41.701,2026-04-18 03:17:41.701,2026-04-17,23,2026-04-18,3,213.0,3.55,0,0
874,6E032,2,IndiGo,17,20260417,DEL,BOM,DEL → BOM,2026-04-17 23:43:41.701,2026-04-18 02:22:41.701,2026-04-17,23,2026-04-18,2,159.0,2.65,0,0
875,UK178,4,Vistara,16,20260417,DEL,BLR,DEL → BLR,2026-04-17 23:41:41.703,2026-04-18 04:09:41.703,2026-04-17,23,2026-04-18,4,268.0,4.466666666666667,0,0
876,6E108,2,IndiGo,19,20260417,DEL,HYD,DEL → HYD,2026-04-17 23:41:41.702,2026-04-18 03:23:41.702,2026-04-17,23,2026-04-18,3,222.0,3.7,0,0
877,UK147,4,Vistara,13,20260417,CCU,DEL,CCU → DEL,2026-04-17 23:35:41.703,2026-04-18 02:55:41.703,2026-04-17,23,2026-04-18,2,200.0,3.3333333333333335,0,0
878,AI187,1,Air India,4,20260417,BLR,HYD,BLR → HYD,2026-04-17 23:32:41.703,2026-04-18 01:16:41.703,2026-04-17,23,2026-04-18,1,104.0,1.7333333333333334,0,0
879,UK213,4,Vistara,7,20260417,BOM,CCU,BOM → CCU,2026-04-17 23:21:41.704,2026-04-18 01:01:41.704,2026-04-17,23,2026-04-18,1,100.0,1.6666666666666667,0,0
880,AI035,1,Air India,20,20260417,DEL,MAA,DEL → MAA,2026-04-17 23:17:41.701,2026-04-18 00:48:41.701,2026-04-17,23,2026-04-18,0,91.0,1.5166666666666666,0,0
881,UK186,4,Vistara,6,20260417,BOM,BLR,BOM → BLR,2026-04-17 23:05:41.703,2026-04-18 02:22:41.703,2026-04-17,23,2026-04-18,2,197.0,3.283333333333333,0,0
882,6E045,2,IndiGo,9,20260417,BOM,HYD,BOM → HYD,2026-04-17 23:04:41.701,2026-04-18 03:38:41.701,2026-04-17,23,2026-04-18,3,274.0,4.566666666666666,0,0
883,UK025,4,Vistara,17,20260417,DEL,BOM,DEL → BOM,2026-04-17 22:55:41.701,2026-04-18 02:47:41.701,2026-04-17,22,2026-04-18,2,232.0,3.8666666666666667,0,0
884,UK162,4,Vistara,7,20260417,BOM,CCU,BOM → CCU,2026-04-17 22:47:41.703,2026-04-18 00:21:41.703,2026-04-17,22,2026-04-18,0,94.0,1.5666666666666667,0,0
885,AI157,1,Air India,2,20260417,BLR,CCU,BLR → CCU,2026-04-17 22:45:41.703,2026-04-18 01:33:41.703,2026-04-17,22,2026-04-18,1,168.0,2.8,0,0
886,6E096,2,IndiGo,26,20260417,MAA,BLR,MAA → BLR,2026-04-17 22:45:41.702,2026-04-18 02:58:41.702,2026-04-17,22,2026-04-18,2,253.0,4.216666666666667,0,0
887,SJ229,3,SpiceJet,13,20260417,CCU,DEL,CCU → DEL,2026-04-17 22:25:41.704,2026-04-18 00:27:41.704,2026-04-17,22,2026-04-18,0,122.0,2.033333333333333,0,0
888,AI214,1,Air India,13,20260417,CCU,DEL,CCU → DEL,2026-04-17 22:23:41.703,2026-04-18 02:49:41.703,2026-04-17,22,2026-04-18,2,266.0,4.433333333333334,0,0
889,6E205,2,IndiGo,22,20260417,HYD,BOM,HYD → BOM,2026-04-17 22:16:41.703,2026-04-18 00:02:41.703,2026-04-17,22,2026-04-18,0,106.0,1.7666666666666666,0,0
890,SJ157,3,SpiceJet,19,20260417,DEL,HYD,DEL → HYD,2026-04-17 22:11:41.703,2026-04-18 01:05:41.703,2026-04-17,22,2026-04-18,1,174.0,2.9,0,0
891,UK114,4,Vistara,23,20260417,HYD,CCU,HYD → CCU,2026-04-17 22:10:41.702,2026-04-17 23:58:41.702,2026-04-17,22,2026-04-17,23,108.0,1.8,0,0
892,6E054,2,IndiGo,21,20260417,HYD,BLR,HYD → BLR,2026-04-17 22:00:41.701,2026-04-18 01:25:41.701,2026-04-17,22,2026-04-18,1,205.0,3.4166666666666665,0,0
893,6E216,2,IndiGo,3,20260417,BLR,DEL,BLR → DEL,2026-04-17 21:58:41.704,2026-04-18 02:51:41.704,2026-04-17,21,2026-04-18,2,293.0,4.883333333333334,0,0
894,AI231,1,Air India,19,20260417,DEL,HYD,DEL → HYD,2026-04-17 21:52:41.704,2026-04-17 23:51:41.704,2026-04-17,21,2026-04-17,23,119.0,1.9833333333333334,0,0
895,UK103,4,Vistara,29,20260417,MAA,DEL,MAA → DEL,2026-04-17 21:52:41.702,2026-04-18 01:06:41.702,2026-04-17,21,2026-04-18,1,194.0,3.2333333333333334,0,0
896,AI066,1,Air India,25,20260417,HYD,MAA,HYD → MAA,2026-04-17 21:51:41.701,2026-04-18 00:11:41.701,2026-04-17,21,2026-04-18,0,140.0,2.3333333333333335,0,0
897,6E186,2,IndiGo,22,20260417,HYD,BOM,HYD → BOM,2026-04-17 21:48:41.703,2026-04-18 02:02:41.703,2026-04-17,21,2026-04-18,2,254.0,4.233333333333333,0,0
898,AI021,1,Air India,19,20260417,DEL,HYD,DEL → HYD,2026-04-17 21:39:41.701,2026-04-18 01:38:41.701,2026-04-17,21,2026-04-18,1,239.0,3.9833333333333334,0,0
899,AI113,1,Air India,14,20260417,CCU,HYD,CCU → HYD,2026-04-17 21:21:41.702,2026-04-17 23:51:41.702,2026-04-17,21,2026-04-17,23,150.0,2.5,0,0
900,SJ031,3,SpiceJet,17,20260417,DEL,BOM,DEL → BOM,2026-04-17 21:20:41.701,2026-04-17 22:29:41.701,2026-04-17,21,2026-04-17,22,69.0,1.15,0,0
901,UK217,4,Vistara,28,20260417,MAA,CCU,MAA → CCU,2026-04-17 21:19:41.704,2026-04-17 22:14:41.704,2026-04-17,21,2026-04-17,22,55.0,0.9166666666666666,0,0
902,SJ120,3,SpiceJet,26,20260417,MAA,BLR,MAA → BLR,2026-04-17 21:19:41.702,2026-04-18 00:56:41.702,2026-04-17,21,2026-04-18,0,217.0,3.6166666666666667,0,0
903,UK180,4,Vistara,15,20260417,CCU,MAA,CCU → MAA,2026-04-17 21:18:41.703,2026-04-17 23:29:41.703,2026-04-17,21,2026-04-17,23,131.0,2.183333333333333,0,0
904,6E242,2,IndiGo,5,20260417,BLR,MAA,BLR → MAA,2026-04-17 21:10:41.704,2026-04-18 01:04:41.704,2026-04-17,21,2026-04-18,1,234.0,3.9,0,0
905,UK080,4,Vistara,5,20260417,BLR,MAA,BLR → MAA,2026-04-17 21:09:41.702,2026-04-17 22:29:41.702,2026-04-17,21,2026-04-17,22,80.0,1.3333333333333333,0,0
906,SJ124,3,SpiceJet,24,20260417,HYD,DEL,HYD → DEL,2026-04-17 21:05:41.702,2026-04-18 01:12:41.702,2026-04-17,21,2026-04-18,1,247.0,4.116666666666666,0,0
907,SJ115,3,SpiceJet,9,20260417,BOM,HYD,BOM → HYD,2026-04-17 21:05:41.702,2026-04-17 23:10:41.702,2026-04-17,21,2026-04-17,23,125.0,2.0833333333333335,0,0
908,AI081,1,Air India,12,20260417,CCU,BOM,CCU → BOM,2026-04-17 21:03:41.702,2026-04-17 22:51:41.702,2026-04-17,21,2026-04-17,22,108.0,1.8,0,0
909,AI142,1,Air India,8,20260417,BOM,DEL,BOM → DEL,2026-04-17 20:49:41.702,2026-04-17 23:03:41.702,2026-04-17,20,2026-04-17,23,134.0,2.2333333333333334,0,0
910,UK052,4,Vistara,2,20260417,BLR,CCU,BLR → CCU,2026-04-17 20:48:41.701,2026-04-17 21:40:41.701,2026-04-17,20,2026-04-17,21,52.0,0.8666666666666667,0,0
911,UK014,4,Vistara,25,20260417,HYD,MAA,HYD → MAA,2026-04-17 20:41:41.701,2026-04-17 22:06:41.701,2026-04-17,20,2026-04-17,22,85.0,1.4166666666666667,0,0
912,AI230,1,Air India,11,20260417,CCU,BLR,CCU → BLR,2026-04-17 20:37:41.704,2026-04-18 00:22:41.704,2026-04-17,20,2026-04-18,0,225.0,3.75,0,0
913,6E268,2,IndiGo,20,20260417,DEL,MAA,DEL → MAA,2026-04-17 20:29:41.701,2026-04-17 21:58:41.701,2026-04-17,20,2026-04-17,21,89.0,1.4833333333333334,0,0
914,AI124,1,Air India,14,20260417,CCU,HYD,CCU → HYD,2026-04-17 20:28:41.702,2026-04-18 00:00:41.702,2026-04-17,20,2026-04-18,0,212.0,3.533333333333333,0,0
915,6E082,2,IndiGo,6,20260417,BOM,BLR,BOM → BLR,2026-04-17 20:26:41.702,2026-04-17 22:26:41.702,2026-04-17,20,2026-04-17,22,120.0,2.0,0,0
916,SJ035,3,SpiceJet,13,20260417,CCU,DEL,CCU → DEL,2026-04-17 20:15:41.701,2026-04-17 21:15:42.000,2026-04-17,20,2026-04-17,21,60.004983333333335,1.0000830555555555,0,0
917,SJ095,3,SpiceJet,20,20260417,DEL,MAA,DEL → MAA,2026-04-17 20:09:41.702,2026-04-17 23:13:41.702,2026-04-17,20,2026-04-17,23,184.0,3.066666666666667,0,0
918,UK230,4,Vistara,1,20260417,BLR,BOM,BLR → BOM,2026-04-17 20:02:41.704,2026-04-17 21:35:41.704,2026-04-17,20,2026-04-17,21,93.0,1.55,0,0
919,UK171,4,Vistara,23,20260417,HYD,CCU,HYD → CCU,2026-04-17 19:59:41.703,2026-04-17 22:53:41.703,2026-04-17,19,2026-04-17,22,174.0,2.9,0,0
920,6E147,2,IndiGo,25,20260417,HYD,MAA,HYD → MAA,2026-04-17 19:57:41.703,2026-04-18 00:31:41.703,2026-04-17,19,2026-04-18,0,274.0,4.566666666666666,0,0
921,SJ212,3,SpiceJet,26,20260417,MAA,BLR,MAA → BLR,2026-04-17 19:49:41.703,2026-04-17 21:44:41.703,2026-04-17,19,2026-04-17,21,115.0,1.9166666666666667,0,0
922,6E080,2,IndiGo,25,20260417,HYD,MAA,HYD → MAA,2026-04-17 19:47:41.702,2026-04-17 23:13:41.702,2026-04-17,19,2026-04-17,23,206.0,3.433333333333333,0,0
923,UK049,4,Vistara,22,20260417,HYD,BOM,HYD → BOM,2026-04-17 19:47:41.701,2026-04-17 20:32:41.701,2026-04-17,19,2026-04-17,20,45.0,0.75,0,0
924,AI152,1,Air India,2,20260417,BLR,CCU,BLR → CCU,2026-04-17 19:21:41.703,2026-04-17 20:26:41.703,2026-04-17,19,2026-04-17,20,65.0,1.0833333333333333,0,0
925,AI162,1,Air India,29,20260417,MAA,DEL,MAA → DEL,2026-04-17 19:20:41.703,2026-04-17 22:40:41.703,2026-04-17,19,2026-04-17,22,200.0,3.3333333333333335,0,0
926,SJ037,3,SpiceJet,1,20260417,BLR,BOM,BLR → BOM,2026-04-17 19:14:41.701,2026-04-17 22:31:41.701,2026-04-17,19,2026-04-17,22,197.0,3.283333333333333,0,0
927,AI172,1,Air India,7,20260417,BOM,CCU,BOM → CCU,2026-04-17 19:08:41.703,2026-04-17 19:53:41.703,2026-04-17,19,2026-04-17,19,45.0,0.75,0,0
928,UK205,4,Vistara,25,20260417,HYD,MAA,HYD → MAA,2026-04-17 18:57:41.703,2026-04-17 21:46:41.703,2026-04-17,18,2026-04-17,21,169.0,2.816666666666667,0,0
929,AI199,1,Air India,24,20260417,HYD,DEL,HYD → DEL,2026-04-17 18:47:41.703,2026-04-17 22:26:41.703,2026-04-17,18,2026-04-17,22,219.0,3.65,0,0
930,6E241,2,IndiGo,19,20260417,DEL,HYD,DEL → HYD,2026-04-17 18:27:41.704,2026-04-17 19:02:41.704,2026-04-17,18,2026-04-17,19,35.0,0.5833333333333334,0,0
931,SJ041,3,SpiceJet,14,20260417,CCU,HYD,CCU → HYD,2026-04-17 18:24:41.701,2026-04-17 22:59:41.701,2026-04-17,18,2026-04-17,22,275.0,4.583333333333333,0,0
932,AI064,1,Air India,5,20260417,BLR,MAA,BLR → MAA,2026-04-17 18:24:41.701,2026-04-17 20:07:41.701,2026-04-17,18,2026-04-17,20,103.0,1.7166666666666666,0,0
933,UK169,4,Vistara,24,20260417,HYD,DEL,HYD → DEL,2026-04-17 18:12:41.703,2026-04-17 23:01:41.703,2026-04-17,18,2026-04-17,23,289.0,4.816666666666666,0,0
934,UK144,4,Vistara,7,20260417,BOM,CCU,BOM → CCU,2026-04-17 18:07:41.703,2026-04-17 20:59:41.703,2026-04-17,18,2026-04-17,20,172.0,2.8666666666666667,0,0
935,AI118,1,Air India,25,20260417,HYD,MAA,HYD → MAA,2026-04-17 17:50:41.702,2026-04-17 19:59:41.702,2026-04-17,17,2026-04-17,19,129.0,2.15,0,0
936,SJ145,3,SpiceJet,4,20260417,BLR,HYD,BLR → HYD,2026-04-17 17:41:41.702,2026-04-17 20:38:41.702,2026-04-17,17,2026-04-17,20,177.0,2.95,0,0
937,SJ077,3,SpiceJet,5,20260417,BLR,MAA,BLR → MAA,2026-04-17 17:32:41.701,2026-04-17 19:40:41.701,2026-04-17,17,2026-04-17,19,128.0,2.1333333333333333,0,0
938,AI126,1,Air India,30,20260417,MAA,HYD,MAA → HYD,2026-04-17 17:26:41.702,2026-04-17 20:48:41.702,2026-04-17,17,2026-04-17,20,202.0,3.3666666666666667,0,0
939,SJ033,3,SpiceJet,24,20260417,HYD,DEL,HYD → DEL,2026-04-17 17:26:41.701,2026-04-17 18:51:41.701,2026-04-17,17,2026-04-17,18,85.0,1.4166666666666667,0,0
940,SJ180,3,SpiceJet,23,20260417,HYD,CCU,HYD → CCU,2026-04-17 17:12:41.703,2026-04-17 22:00:41.703,2026-04-17,17,2026-04-17,22,288.0,4.8,0,0
941,6E183,2,IndiGo,30,20260417,MAA,HYD,MAA → HYD,2026-04-17 17:08:41.703,2026-04-17 19:52:41.703,2026-04-17,17,2026-04-17,19,164.0,2.7333333333333334,0,0
942,AI145,1,Air India,17,20260417,DEL,BOM,DEL → BOM,2026-04-17 17:06:41.702,2026-04-17 21:31:41.702,2026-04-17,17,2026-04-17,21,265.0,4.416666666666667,0,0
943,6E089,2,IndiGo,19,20260417,DEL,HYD,DEL → HYD,2026-04-17 17:06:41.702,2026-04-17 19:10:41.702,2026-04-17,17,2026-04-17,19,124.0,2.066666666666667,0,0
944,6E207,2,IndiGo,9,20260417,BOM,HYD,BOM → HYD,2026-04-17 16:59:41.703,2026-04-17 21:00:41.703,2026-04-17,16,2026-04-17,21,241.0,4.016666666666667,0,0
945,AI229,1,Air India,25,20260417,HYD,MAA,HYD → MAA,2026-04-17 16:48:41.703,2026-04-17 18:40:41.703,2026-04-17,16,2026-04-17,18,112.0,1.8666666666666667,0,0
946,6E223,2,IndiGo,26,20260417,MAA,BLR,MAA → BLR,2026-04-17 16:47:41.704,2026-04-17 17:21:41.704,2026-04-17,16,2026-04-17,17,34.0,0.5666666666666667,0,0
947,6E116,2,IndiGo,28,20260417,MAA,CCU,MAA → CCU,2026-04-17 16:43:41.702,2026-04-17 19:02:41.702,2026-04-17,16,2026-04-17,19,139.0,2.316666666666667,0,0
948,SJ240,3,SpiceJet,9,20260417,BOM,HYD,BOM → HYD,2026-04-17 16:42:41.704,2026-04-17 20:21:41.704,2026-04-17,16,2026-04-17,20,219.0,3.65,0,0
949,SJ184,3,SpiceJet,13,20260417,CCU,DEL,CCU → DEL,2026-04-17 16:32:41.703,2026-04-17 21:00:41.703,2026-04-17,16,2026-04-17,21,268.0,4.466666666666667,0,0
950,AI087,1,Air India,29,20260417,MAA,DEL,MAA → DEL,2026-04-17 16:32:41.702,2026-04-17 20:30:41.702,2026-04-17,16,2026-04-17,20,238.0,3.966666666666667,0,0
951,UK148,4,Vistara,22,20260417,HYD,BOM,HYD → BOM,2026-04-17 16:31:41.703,2026-04-17 18:43:41.703,2026-04-17,16,2026-04-17,18,132.0,2.2,0,0
952,AI210,1,Air India,1,20260417,BLR,BOM,BLR → BOM,2026-04-17 16:13:41.703,2026-04-17 18:50:41.703,2026-04-17,16,2026-04-17,18,157.0,2.6166666666666667,0,0
953,6E093,2,IndiGo,13,20260417,CCU,DEL,CCU → DEL,2026-04-17 16:09:41.702,2026-04-17 20:00:41.702,2026-04-17,16,2026-04-17,20,231.0,3.85,0,0
954,SJ080,3,SpiceJet,15,20260417,CCU,MAA,CCU → MAA,2026-04-17 16:04:41.702,2026-04-17 17:59:41.702,2026-04-17,16,2026-04-17,17,115.0,1.9166666666666667,0,0
955,SJ005,3,SpiceJet,20,20260417,DEL,MAA,DEL → MAA,2026-04-17 16:03:41.701,2026-04-17 17:24:41.701,2026-04-17,16,2026-04-17,17,81.0,1.35,0,0
956,6E040,2,IndiGo,23,20260417,HYD,CCU,HYD → CCU,2026-04-17 15:52:41.701,2026-04-17 20:33:41.701,2026-04-17,15,2026-04-17,20,281.0,4.683333333333334,0,0
957,AI212,1,Air India,18,20260417,DEL,CCU,DEL → CCU,2026-04-17 15:31:41.703,2026-04-17 20:13:41.703,2026-04-17,15,2026-04-17,20,282.0,4.7,0,0
958,AI154,1,Air India,25,20260417,HYD,MAA,HYD → MAA,2026-04-17 15:25:41.703,2026-04-17 19:16:41.703,2026-04-17,15,2026-04-17,19,231.0,3.85,0,0
959,6E239,2,IndiGo,12,20260417,CCU,BOM,CCU → BOM,2026-04-17 15:24:41.704,2026-04-17 17:37:41.704,2026-04-17,15,2026-04-17,17,133.0,2.216666666666667,0,0
960,UK199,4,Vistara,7,20260417,BOM,CCU,BOM → CCU,2026-04-17 15:24:41.703,2026-04-17 18:55:41.703,2026-04-17,15,2026-04-17,18,211.0,3.5166666666666666,0,0
961,6E218,2,IndiGo,1,20260417,BLR,BOM,BLR → BOM,2026-04-17 15:16:41.704,2026-04-17 19:03:41.704,2026-04-17,15,2026-04-17,19,227.0,3.783333333333333,0,0
962,6E011,2,IndiGo,26,20260417,MAA,BLR,MAA → BLR,2026-04-17 15:16:41.701,2026-04-17 17:16:42.000,2026-04-17,15,2026-04-17,17,120.00498333333333,2.0000830555555553,0,0
963,UK106,4,Vistara,7,20260417,BOM,CCU,BOM → CCU,2026-04-17 15:12:41.702,2026-04-17 17:23:41.702,2026-04-17,15,2026-04-17,17,131.0,2.183333333333333,0,0
964,UK030,4,Vistara,13,20260417,CCU,DEL,CCU → DEL,2026-04-17 15:11:41.701,2026-04-17 19:38:41.701,2026-04-17,15,2026-04-17,19,267.0,4.45,0,0
965,6E090,2,IndiGo,21,20260417,HYD,BLR,HYD → BLR,2026-04-17 15:10:41.702,2026-04-17 19:22:41.702,2026-04-17,15,2026-04-17,19,252.0,4.2,0,0
966,AI184,1,Air India,7,20260417,BOM,CCU,BOM → CCU,2026-04-17 15:03:41.703,2026-04-17 17:03:42.000,2026-04-17,15,2026-04-17,17,120.00495,2.0000825,0,0
967,SJ232,3,SpiceJet,26,20260417,MAA,BLR,MAA → BLR,2026-04-17 15:02:41.704,2026-04-17 19:22:41.704,2026-04-17,15,2026-04-17,19,260.0,4.333333333333333,0,0
968,AI153,1,Air India,7,20260417,BOM,CCU,BOM → CCU,2026-04-17 15:02:41.703,2026-04-17 16:30:41.703,2026-04-17,15,2026-04-17,16,88.0,1.4666666666666666,0,0
969,UK101,4,Vistara,19,20260417,DEL,HYD,DEL → HYD,2026-04-17 15:00:41.702,2026-04-17 17:43:41.702,2026-04-17,15,2026-04-17,17,163.0,2.716666666666667,0,0
970,6E200,2,IndiGo,24,20260417,HYD,DEL,HYD → DEL,2026-04-17 14:54:41.703,2026-04-17 19:41:41.703,2026-04-17,14,2026-04-17,19,287.0,4.783333333333333,0,0
971,6E162,2,IndiGo,12,20260417,CCU,BOM,CCU → BOM,2026-04-17 14:50:41.703,2026-04-17 17:44:41.703,2026-04-17,14,2026-04-17,17,174.0,2.9,0,0
972,SJ197,3,SpiceJet,21,20260417,HYD,BLR,HYD → BLR,2026-04-17 14:49:41.703,2026-04-17 17:33:41.703,2026-04-17,14,2026-04-17,17,164.0,2.7333333333333334,0,0
973,AI174,1,Air India,18,20260417,DEL,CCU,DEL → CCU,2026-04-17 14:45:41.703,2026-04-17 17:01:41.703,2026-04-17,14,2026-04-17,17,136.0,2.2666666666666666,0,0
974,UK090,4,Vistara,25,20260417,HYD,MAA,HYD → MAA,2026-04-17 14:44:41.702,2026-04-17 17:24:41.702,2026-04-17,14,2026-04-17,17,160.0,2.6666666666666665,0,0
975,UK124,4,Vistara,26,20260417,MAA,BLR,MAA → BLR,2026-04-17 14:35:41.702,2026-04-17 17:09:41.702,2026-04-17,14,2026-04-17,17,154.0,2.566666666666667,0,0
976,AI239,1,Air India,9,20260417,BOM,HYD,BOM → HYD,2026-04-17 14:33:41.704,2026-04-17 17:47:41.704,2026-04-17,14,2026-04-17,17,194.0,3.2333333333333334,0,0
977,UK002,4,Vistara,15,20260417,CCU,MAA,CCU → MAA,2026-04-17 14:28:41.700,2026-04-17 19:20:41.700,2026-04-17,14,2026-04-17,19,292.0,4.866666666666666,0,0
978,SJ055,3,SpiceJet,25,20260417,HYD,MAA,HYD → MAA,2026-04-17 14:17:41.701,2026-04-17 17:56:41.701,2026-04-17,14,2026-04-17,17,219.0,3.65,0,0
979,UK132,4,Vistara,8,20260417,BOM,DEL,BOM → DEL,2026-04-17 14:12:41.702,2026-04-17 16:19:41.702,2026-04-17,14,2026-04-17,16,127.0,2.1166666666666667,0,0
980,6E002,2,IndiGo,5,20260417,BLR,MAA,BLR → MAA,2026-04-17 14:11:41.700,2026-04-17 17:34:41.700,2026-04-17,14,2026-04-17,17,203.0,3.3833333333333333,0,0
981,UK005,4,Vistara,10,20260417,BOM,MAA,BOM → MAA,2026-04-17 14:02:41.701,2026-04-17 18:14:41.701,2026-04-17,14,2026-04-17,18,252.0,4.2,0,0
982,6E258,2,IndiGo,8,20260417,BOM,DEL,BOM → DEL,2026-04-17 13:54:41.703,2026-04-17 16:49:41.703,2026-04-17,13,2026-04-17,16,175.0,2.9166666666666665,0,0
983,SJ244,3,SpiceJet,3,20260417,BLR,DEL,BLR → DEL,2026-04-17 13:51:41.704,2026-04-17 15:39:41.704,2026-04-17,13,2026-04-17,15,108.0,1.8,0,0
984,AI075,1,Air India,13,20260417,CCU,DEL,CCU → DEL,2026-04-17 13:51:41.702,2026-04-17 16:49:41.702,2026-04-17,13,2026-04-17,16,178.0,2.966666666666667,0,0
985,AI160,1,Air India,29,20260417,MAA,DEL,MAA → DEL,2026-04-17 13:41:41.703,2026-04-17 17:01:41.703,2026-04-17,13,2026-04-17,17,200.0,3.3333333333333335,0,0
986,UK091,4,Vistara,12,20260417,CCU,BOM,CCU → BOM,2026-04-17 13:37:41.702,2026-04-17 17:31:41.702,2026-04-17,13,2026-04-17,17,234.0,3.9,0,0
987,UK195,4,Vistara,22,20260417,HYD,BOM,HYD → BOM,2026-04-17 13:35:41.703,2026-04-17 16:35:41.703,2026-04-17,13,2026-04-17,16,180.0,3.0,0,0
988,6E044,2,IndiGo,19,20260417,DEL,HYD,DEL → HYD,2026-04-17 13:25:41.701,2026-04-17 17:36:41.701,2026-04-17,13,2026-04-17,17,251.0,4.183333333333334,0,0
989,6E248,2,IndiGo,19,20260417,DEL,HYD,DEL → HYD,2026-04-17 13:25:41.701,2026-04-17 17:36:41.701,2026-04-17,13,2026-04-17,17,251.0,4.183333333333334,0,0
990,6E204,2,IndiGo,18,20260417,DEL,CCU,DEL → CCU,2026-04-17 13:23:41.703,2026-04-17 16:04:41.703,2026-04-17,13,2026-04-17,16,161.0,2.683333333333333,0,0
991,SJ092,3,SpiceJet,5,20260417,BLR,MAA,BLR → MAA,2026-04-17 13:19:41.702,2026-04-17 17:56:41.702,2026-04-17,13,2026-04-17,17,277.0,4.616666666666666,0,0
992,AI119,1,Air India,26,20260417,MAA,BLR,MAA → BLR,2026-04-17 13:15:41.702,2026-04-17 15:57:41.702,2026-04-17,13,2026-04-17,15,162.0,2.7,0,0
993,AI151,1,Air India,30,20260417,MAA,HYD,MAA → HYD,2026-04-17 13:14:41.703,2026-04-17 14:10:41.703,2026-04-17,13,2026-04-17,14,56.0,0.9333333333333333,0,0
994,UK107,4,Vistara,22,20260417,HYD,BOM,HYD → BOM,2026-04-17 13:09:41.702,2026-04-17 14:25:41.702,2026-04-17,13,2026-04-17,14,76.0,1.2666666666666666,0,0
995,SJ019,3,SpiceJet,3,20260417,BLR,DEL,BLR → DEL,2026-04-17 13:07:41.701,2026-04-17 15:56:41.701,2026-04-17,13,2026-04-17,15,169.0,2.816666666666667,0,0
996,AI052,1,Air India,15,20260417,CCU,MAA,CCU → MAA,2026-04-17 13:06:41.701,2026-04-17 15:42:41.701,2026-04-17,13,2026-04-17,15,156.0,2.6,0,0
997,SJ177,3,SpiceJet,7,20260417,BOM,CCU,BOM → CCU,2026-04-17 13:04:41.703,2026-04-17 17:37:41.703,2026-04-17,13,2026-04-17,17,273.0,4.55,0,0
998,6E215,2,IndiGo,16,20260417,DEL,BLR,DEL → BLR,2026-04-17 13:00:41.703,2026-04-17 17:30:41.703,2026-04-17,13,2026-04-17,17,270.0,4.5,0,0
999,AI223,1,Air India,7,20260417,BOM,CCU,BOM → CCU,2026-04-17 12:53:41.703,2026-04-17 14:42:41.703,2026-04-17,12,2026-04-17,14,109.0,1.8166666666666667,0,0
1000,SJ069,3,SpiceJet,21,20260417,HYD,BLR,HYD → BLR,2026-04-17 12:53:41.701,2026-04-17 14:17:41.701,2026-04-17,12,2026-04-17,14,84.0,1.4,0,0
1001,6E198,2,IndiGo,21,20260417,HYD,BLR,HYD → BLR,2026-04-17 12:40:41.703,2026-04-17 17:39:41.703,2026-04-17,12,2026-04-17,17,299.0,4.983333333333333,0,0
1002,AI093,1,Air India,6,20260417,BOM,BLR,BOM → BLR,2026-04-17 12:35:41.702,2026-04-17 17:28:41.702,2026-04-17,12,2026-04-17,17,293.0,4.883333333333334,0,0
1003,UK062,4,Vistara,24,20260417,HYD,DEL,HYD → DEL,2026-04-17 12:33:41.701,2026-04-17 15:35:41.701,2026-04-17,12,2026-04-17,15,182.0,3.033333333333333,0,0
1004,6E057,2,IndiGo,29,20260417,MAA,DEL,MAA → DEL,2026-04-17 12:32:41.701,2026-04-17 15:50:41.701,2026-04-17,12,2026-04-17,15,198.0,3.3,0,0
1005,UK064,4,Vistara,8,20260417,BOM,DEL,BOM → DEL,2026-04-17 12:25:41.701,2026-04-17 14:55:41.701,2026-04-17,12,2026-04-17,14,150.0,2.5,0,0
